,FSRQ,DWJZ,LJJZ,SDATE,ACTUALSYI,NAVTYPE,JZZZL,SGZT,SHZT,FHFCZ,FHFCBZ,DTYPE,FHSP
0,2023-09-22,1.5628,1.5628,,,1,1.59,开放申购,开放赎回,,,,
1,2023-09-21,1.5384,1.5384,,,1,-0.84,开放申购,开放赎回,,,,
2,2023-09-20,1.5515,1.5515,,,1,-0.33,开放申购,开放赎回,,,,
3,2023-09-19,1.5567,1.5567,,,1,-0.15,开放申购,开放赎回,,,,
4,2023-09-18,1.5590,1.5590,,,1,0.43,开放申购,开放赎回,,,,
5,2023-09-15,1.5523,1.5523,,,1,-0.66,开放申购,开放赎回,,,,
6,2023-09-14,1.5626,1.5626,,,1,-0.02,开放申购,开放赎回,,,,
7,2023-09-13,1.5629,1.5629,,,1,-0.60,开放申购,开放赎回,,,,
8,2023-09-12,1.5724,1.5724,,,1,-0.18,开放申购,开放赎回,,,,
9,2023-09-11,1.5753,1.5753,,,1,0.74,开放申购,开放赎回,,,,
10,2023-09-08,1.5638,1.5638,,,1,-0.41,开放申购,开放赎回,,,,
11,2023-09-07,1.5702,1.5702,,,1,-1.29,开放申购,开放赎回,,,,
12,2023-09-06,1.5907,1.5907,,,1,-0.16,开放申购,开放赎回,,,,
13,2023-09-05,1.5933,1.5933,,,1,-0.71,开放申购,开放赎回,,,,
14,2023-09-04,1.6047,1.6047,,,1,1.35,开放申购,开放赎回,,,,
15,2023-09-01,1.5833,1.5833,,,1,0.67,开放申购,开放赎回,,,,
16,2023-08-31,1.5727,1.5727,,,1,-0.55,开放申购,开放赎回,,,,
17,2023-08-30,1.5814,1.5814,,,1,-0.16,开放申购,开放赎回,,,,
18,2023-08-29,1.5839,1.5839,,,1,0.83,开放申购,开放赎回,,,,
19,2023-08-28,1.5708,1.5708,,,1,1.15,开放申购,开放赎回,,,,
20,2023-08-25,1.5530,1.5530,,,1,-0.22,开放申购,开放赎回,,,,
21,2023-08-24,1.5564,1.5564,,,1,0.41,开放申购,开放赎回,,,,
22,2023-08-23,1.5500,1.5500,,,1,-1.41,开放申购,开放赎回,,,,
23,2023-08-22,1.5722,1.5722,,,1,0.69,开放申购,开放赎回,,,,
24,2023-08-21,1.5614,1.5614,,,1,-1.25,开放申购,开放赎回,,,,
25,2023-08-18,1.5811,1.5811,,,1,-1.01,开放申购,开放赎回,,,,
26,2023-08-17,1.5972,1.5972,,,1,0.25,开放申购,开放赎回,,,,
27,2023-08-16,1.5932,1.5932,,,1,-0.56,开放申购,开放赎回,,,,
28,2023-08-15,1.6022,1.6022,,,1,-0.06,开放申购,开放赎回,,,,
29,2023-08-14,1.6032,1.6032,,,1,-0.72,开放申购,开放赎回,,,,
30,2023-08-11,1.6148,1.6148,,,1,-1.98,开放申购,开放赎回,,,,
31,2023-08-10,1.6474,1.6474,,,1,0.29,开放申购,开放赎回,,,,
32,2023-08-09,1.6426,1.6426,,,1,-0.15,开放申购,开放赎回,,,,
33,2023-08-08,1.6451,1.6451,,,1,-0.24,开放申购,开放赎回,,,,
34,2023-08-07,1.6491,1.6491,,,1,-0.73,开放申购,开放赎回,,,,
35,2023-08-04,1.6612,1.6612,,,1,0.48,开放申购,开放赎回,,,,
36,2023-08-03,1.6533,1.6533,,,1,0.82,开放申购,开放赎回,,,,
37,2023-08-02,1.6398,1.6398,,,1,-0.67,开放申购,开放赎回,,,,
38,2023-08-01,1.6508,1.6508,,,1,-0.39,开放申购,开放赎回,,,,
39,2023-07-31,1.6572,1.6572,,,1,0.53,开放申购,开放赎回,,,,
40,2023-07-28,1.6485,1.6485,,,1,2.25,开放申购,开放赎回,,,,
41,2023-07-27,1.6122,1.6122,,,1,-0.15,开放申购,开放赎回,,,,
42,2023-07-26,1.6146,1.6146,,,1,-0.17,开放申购,开放赎回,,,,
43,2023-07-25,1.6174,1.6174,,,1,2.65,开放申购,开放赎回,,,,
44,2023-07-24,1.5756,1.5756,,,1,-0.37,开放申购,开放赎回,,,,
45,2023-07-21,1.5815,1.5815,,,1,0.09,开放申购,开放赎回,,,,
46,2023-07-20,1.5800,1.5800,,,1,-0.59,开放申购,开放赎回,,,,
47,2023-07-19,1.5893,1.5893,,,1,-0.10,开放申购,开放赎回,,,,
48,2023-07-18,1.5909,1.5909,,,1,-0.20,开放申购,开放赎回,,,,
49,2023-07-17,1.5941,1.5941,,,1,-0.57,开放申购,开放赎回,,,,
50,2023-07-14,1.6033,1.6033,,,1,0.06,开放申购,开放赎回,,,,
51,2023-07-13,1.6023,1.6023,,,1,1.46,开放申购,开放赎回,,,,
52,2023-07-12,1.5793,1.5793,,,1,-0.47,开放申购,开放赎回,,,,
53,2023-07-11,1.5867,1.5867,,,1,0.56,开放申购,开放赎回,,,,
54,2023-07-10,1.5778,1.5778,,,1,0.37,开放申购,开放赎回,,,,
55,2023-07-07,1.5720,1.5720,,,1,-0.28,开放申购,开放赎回,,,,
56,2023-07-06,1.5764,1.5764,,,1,-0.56,开放申购,开放赎回,,,,
57,2023-07-05,1.5853,1.5853,,,1,-0.65,开放申购,开放赎回,,,,
58,2023-07-04,1.5956,1.5956,,,1,0.06,开放申购,开放赎回,,,,
59,2023-07-03,1.5946,1.5946,,,1,1.27,开放申购,开放赎回,,,,
60,2023-06-30,1.5746,1.5746,,,1,0.60,开放申购,开放赎回,,,,
61,2023-06-29,1.5652,1.5652,,,1,-0.28,开放申购,开放赎回,,,,
62,2023-06-28,1.5696,1.5696,,,1,0.10,开放申购,开放赎回,,,,
63,2023-06-27,1.5680,1.5680,,,1,1.04,开放申购,开放赎回,,,,
64,2023-06-26,1.5519,1.5519,,,1,-1.24,开放申购,开放赎回,,,,
65,2023-06-21,1.5714,1.5714,,,1,-1.19,开放申购,开放赎回,,,,
66,2023-06-20,1.5904,1.5904,,,1,-0.25,开放申购,开放赎回,,,,
67,2023-06-19,1.5944,1.5944,,,1,-0.73,开放申购,开放赎回,,,,
68,2023-06-16,1.6061,1.6061,,,1,0.74,开放申购,开放赎回,,,,
69,2023-06-15,1.5943,1.5943,,,1,1.35,开放申购,开放赎回,,,,
70,2023-06-14,1.5731,1.5731,,,1,0.01,开放申购,开放赎回,,,,
71,2023-06-13,1.5729,1.5729,,,1,0.36,开放申购,开放赎回,,,,
72,2023-06-12,1.5673,1.5673,,,1,0.17,开放申购,开放赎回,,,,
73,2023-06-09,1.5647,1.5647,,,1,0.53,开放申购,开放赎回,,,,
74,2023-06-08,1.5564,1.5564,,,1,0.80,开放申购,开放赎回,,,,
75,2023-06-07,1.5441,1.5441,,,1,-0.35,开放申购,开放赎回,,,,
76,2023-06-06,1.5496,1.5496,,,1,-0.86,开放申购,开放赎回,,,,
77,2023-06-05,1.5630,1.5630,,,1,-0.48,开放申购,开放赎回,,,,
78,2023-06-02,1.5705,1.5705,,,1,1.35,开放申购,开放赎回,,,,
79,2023-06-01,1.5496,1.5496,,,1,0.08,开放申购,开放赎回,,,,
80,2023-05-31,1.5484,1.5484,,,1,-0.81,开放申购,开放赎回,,,,
81,2023-05-30,1.5611,1.5611,,,1,0.08,开放申购,开放赎回,,,,
82,2023-05-29,1.5599,1.5599,,,1,-0.38,开放申购,开放赎回,,,,
83,2023-05-26,1.5658,1.5658,,,1,0.07,开放申购,开放赎回,,,,
84,2023-05-25,1.5647,1.5647,,,1,-0.15,开放申购,开放赎回,,,,
85,2023-05-24,1.5671,1.5671,,,1,-1.27,开放申购,开放赎回,,,,
86,2023-05-23,1.5873,1.5873,,,1,-1.31,开放申购,开放赎回,,,,
87,2023-05-22,1.6084,1.6084,,,1,0.59,开放申购,开放赎回,,,,
88,2023-05-19,1.5990,1.5990,,,1,-0.27,开放申购,开放赎回,,,,
89,2023-05-18,1.6033,1.6033,,,1,-0.05,开放申购,开放赎回,,,,
90,2023-05-17,1.6041,1.6041,,,1,-0.43,开放申购,开放赎回,,,,
91,2023-05-16,1.6110,1.6110,,,1,-0.41,开放申购,开放赎回,,,,
92,2023-05-15,1.6177,1.6177,,,1,1.39,开放申购,开放赎回,,,,
93,2023-05-12,1.5956,1.5956,,,1,-1.22,开放申购,开放赎回,,,,
94,2023-05-11,1.6153,1.6153,,,1,-0.06,开放申购,开放赎回,,,,
95,2023-05-10,1.6163,1.6163,,,1,-0.62,开放申购,开放赎回,,,,
96,2023-05-09,1.6264,1.6264,,,1,-0.84,开放申购,开放赎回,,,,
97,2023-05-08,1.6402,1.6402,,,1,1.02,开放申购,开放赎回,,,,
98,2023-05-05,1.6236,1.6236,,,1,-0.27,开放申购,开放赎回,,,,
99,2023-05-04,1.6280,1.6280,,,1,0.15,开放申购,开放赎回,,,,
100,2023-04-28,1.6255,1.6255,,,1,0.94,开放申购,开放赎回,,,,
101,2023-04-27,1.6104,1.6104,,,1,0.70,开放申购,开放赎回,,,,
102,2023-04-26,1.5992,1.5992,,,1,0.14,开放申购,开放赎回,,,,
103,2023-04-25,1.5970,1.5970,,,1,-0.61,开放申购,开放赎回,,,,
104,2023-04-24,1.6068,1.6068,,,1,-1.07,开放申购,开放赎回,,,,
105,2023-04-21,1.6241,1.6241,,,1,-1.71,开放申购,开放赎回,,,,
106,2023-04-20,1.6524,1.6524,,,1,-0.33,开放申购,开放赎回,,,,
107,2023-04-19,1.6579,1.6579,,,1,-0.77,开放申购,开放赎回,,,,
108,2023-04-18,1.6707,1.6707,,,1,0.32,开放申购,开放赎回,,,,
109,2023-04-17,1.6654,1.6654,,,1,1.29,开放申购,开放赎回,,,,
110,2023-04-14,1.6442,1.6442,,,1,0.54,开放申购,开放赎回,,,,
111,2023-04-13,1.6353,1.6353,,,1,-0.50,开放申购,开放赎回,,,,
112,2023-04-12,1.6435,1.6435,,,1,-0.10,开放申购,开放赎回,,,,
113,2023-04-11,1.6452,1.6452,,,1,-0.13,开放申购,开放赎回,,,,
114,2023-04-10,1.6473,1.6473,,,1,-0.05,开放申购,开放赎回,,,,
115,2023-04-07,1.6482,1.6482,,,1,0.48,开放申购,开放赎回,,,,
116,2023-04-06,1.6403,1.6403,,,1,-0.16,开放申购,开放赎回,,,,
117,2023-04-04,1.6429,1.6429,,,1,0.32,开放申购,开放赎回,,,,
118,2023-04-03,1.6377,1.6377,,,1,0.54,开放申购,开放赎回,,,,
119,2023-03-31,1.6289,1.6289,,,1,0.31,开放申购,开放赎回,,,,
120,2023-03-30,1.6239,1.6239,,,1,0.70,开放申购,开放赎回,,,,
121,2023-03-29,1.6126,1.6126,,,1,0.04,开放申购,开放赎回,,,,
122,2023-03-28,1.6120,1.6120,,,1,-0.46,开放申购,开放赎回,,,,
123,2023-03-27,1.6195,1.6195,,,1,-0.44,开放申购,开放赎回,,,,
124,2023-03-24,1.6267,1.6267,,,1,-0.42,开放申购,开放赎回,,,,
125,2023-03-23,1.6335,1.6335,,,1,0.88,开放申购,开放赎回,,,,
126,2023-03-22,1.6192,1.6192,,,1,0.60,开放申购,开放赎回,,,,
127,2023-03-21,1.6095,1.6095,,,1,0.88,开放申购,开放赎回,,,,
128,2023-03-20,1.5954,1.5954,,,1,-0.38,开放申购,开放赎回,,,,
129,2023-03-17,1.6015,1.6015,,,1,0.62,开放申购,开放赎回,,,,
130,2023-03-16,1.5916,1.5916,,,1,-1.16,开放申购,开放赎回,,,,
131,2023-03-15,1.6103,1.6103,,,1,0.29,开放申购,开放赎回,,,,
132,2023-03-14,1.6056,1.6056,,,1,-0.55,开放申购,开放赎回,,,,
133,2023-03-13,1.6145,1.6145,,,1,0.96,开放申购,开放赎回,,,,
134,2023-03-10,1.5992,1.5992,,,1,-1.31,开放申购,开放赎回,,,,
135,2023-03-09,1.6204,1.6204,,,1,-0.13,开放申购,开放赎回,,,,
136,2023-03-08,1.6225,1.6225,,,1,-0.30,开放申购,开放赎回,,,,
137,2023-03-07,1.6274,1.6274,,,1,-1.25,开放申购,开放赎回,,,,
138,2023-03-06,1.6480,1.6480,,,1,-0.34,开放申购,开放赎回,,,,
139,2023-03-03,1.6536,1.6536,,,1,0.60,开放申购,开放赎回,,,,
140,2023-03-02,1.6438,1.6438,,,1,-0.19,开放申购,开放赎回,,,,
141,2023-03-01,1.6470,1.6470,,,1,1.19,开放申购,开放赎回,,,,
142,2023-02-28,1.6277,1.6277,,,1,0.56,开放申购,开放赎回,,,,
143,2023-02-27,1.6186,1.6186,,,1,-0.36,开放申购,开放赎回,,,,
144,2023-02-24,1.6245,1.6245,,,1,-0.91,开放申购,开放赎回,,,,
145,2023-02-23,1.6395,1.6395,,,1,-0.02,开放申购,开放赎回,,,,
146,2023-02-22,1.6399,1.6399,,,1,-0.80,开放申购,开放赎回,,,,
147,2023-02-21,1.6532,1.6532,,,1,0.21,开放申购,开放赎回,,,,
148,2023-02-20,1.6498,1.6498,,,1,2.28,开放申购,开放赎回,,,,
149,2023-02-17,1.6130,1.6130,,,1,-1.33,开放申购,开放赎回,,,,
150,2023-02-16,1.6347,1.6347,,,1,-0.64,开放申购,开放赎回,,,,
151,2023-02-15,1.6453,1.6453,,,1,-0.44,开放申购,开放赎回,,,,
152,2023-02-14,1.6526,1.6526,,,1,0.02,开放申购,开放赎回,,,,
153,2023-02-13,1.6522,1.6522,,,1,0.79,开放申购,开放赎回,,,,
154,2023-02-10,1.6393,1.6393,,,1,-0.50,开放申购,开放赎回,,,,
155,2023-02-09,1.6476,1.6476,,,1,1.28,开放申购,开放赎回,,,,
156,2023-02-08,1.6268,1.6268,,,1,-0.45,开放申购,开放赎回,,,,
157,2023-02-07,1.6342,1.6342,,,1,0.23,开放申购,开放赎回,,,,
158,2023-02-06,1.6304,1.6304,,,1,-1.13,开放申购,开放赎回,,,,
159,2023-02-03,1.6491,1.6491,,,1,-0.87,开放申购,开放赎回,,,,
160,2023-02-02,1.6636,1.6636,,,1,-0.37,开放申购,开放赎回,,,,
161,2023-02-01,1.6697,1.6697,,,1,0.82,开放申购,开放赎回,,,,
162,2023-01-31,1.6562,1.6562,,,1,-0.96,开放申购,开放赎回,,,,
163,2023-01-30,1.6722,1.6722,,,1,0.40,开放申购,开放赎回,,,,
164,2023-01-20,1.6656,1.6656,,,1,0.63,开放申购,开放赎回,,,,
165,2023-01-19,1.6551,1.6551,,,1,0.53,开放申购,开放赎回,,,,
166,2023-01-18,1.6463,1.6463,,,1,-0.07,开放申购,开放赎回,,,,
167,2023-01-17,1.6474,1.6474,,,1,-0.07,开放申购,开放赎回,,,,
168,2023-01-16,1.6485,1.6485,,,1,1.19,开放申购,开放赎回,,,,
169,2023-01-13,1.6291,1.6291,,,1,1.11,开放申购,开放赎回,,,,
170,2023-01-12,1.6112,1.6112,,,1,0.29,开放申购,开放赎回,,,,
171,2023-01-11,1.6065,1.6065,,,1,-0.08,开放申购,开放赎回,,,,
172,2023-01-10,1.6078,1.6078,,,1,0.06,开放申购,开放赎回,,,,
173,2023-01-09,1.6069,1.6069,,,1,0.82,开放申购,开放赎回,,,,
174,2023-01-06,1.5938,1.5938,,,1,0.35,开放申购,开放赎回,,,,
175,2023-01-05,1.5883,1.5883,,,1,1.72,开放申购,开放赎回,,,,
176,2023-01-04,1.5614,1.5614,,,1,-0.01,开放申购,开放赎回,,,,
177,2023-01-03,1.5615,1.5615,,,1,0.46,开放申购,开放赎回,,,,
178,2022-12-31,1.5543,1.5543,,,0,,开放申购,开放赎回,,,,
179,2022-12-30,1.5543,1.5543,,,1,0.37,开放申购,开放赎回,,,,
180,2022-12-29,1.5485,1.5485,,,1,-0.41,开放申购,开放赎回,,,,
181,2022-12-28,1.5548,1.5548,,,1,-0.33,开放申购,开放赎回,,,,
182,2022-12-27,1.5600,1.5600,,,1,1.17,开放申购,开放赎回,,,,
183,2022-12-26,1.5420,1.5420,,,1,0.38,开放申购,开放赎回,,,,
184,2022-12-23,1.5361,1.5361,,,1,-0.17,开放申购,开放赎回,,,,
185,2022-12-22,1.5387,1.5387,,,1,-0.15,开放申购,开放赎回,,,,
186,2022-12-21,1.5410,1.5410,,,1,-0.01,开放申购,开放赎回,,,,
187,2022-12-20,1.5412,1.5412,,,1,-1.45,开放申购,开放赎回,,,,
188,2022-12-19,1.5638,1.5638,,,1,-1.47,开放申购,开放赎回,,,,
189,2022-12-16,1.5872,1.5872,,,1,0.01,开放申购,开放赎回,,,,
190,2022-12-15,1.5870,1.5870,,,1,-0.03,开放申购,开放赎回,,,,
191,2022-12-14,1.5875,1.5875,,,1,0.20,开放申购,开放赎回,,,,
192,2022-12-13,1.5844,1.5844,,,1,-0.28,开放申购,开放赎回,,,,
193,2022-12-12,1.5889,1.5889,,,1,-1.13,开放申购,开放赎回,,,,
194,2022-12-09,1.6071,1.6071,,,1,0.94,开放申购,开放赎回,,,,
195,2022-12-08,1.5921,1.5921,,,1,0.09,开放申购,开放赎回,,,,
196,2022-12-07,1.5907,1.5907,,,1,-0.18,开放申购,开放赎回,,,,
197,2022-12-06,1.5936,1.5936,,,1,0.45,开放申购,开放赎回,,,,
198,2022-12-05,1.5864,1.5864,,,1,1.82,开放申购,开放赎回,,,,
199,2022-12-02,1.5580,1.5580,,,1,-0.56,开放申购,开放赎回,,,,
200,2022-12-01,1.5668,1.5668,,,1,0.92,开放申购,开放赎回,,,,
201,2022-11-30,1.5525,1.5525,,,1,0.12,开放申购,开放赎回,,,,
202,2022-11-29,1.5506,1.5506,,,1,2.82,开放申购,开放赎回,,,,
203,2022-11-28,1.5081,1.5081,,,1,-1.09,开放申购,开放赎回,,,,
204,2022-11-25,1.5247,1.5247,,,1,0.52,开放申购,开放赎回,,,,
205,2022-11-24,1.5168,1.5168,,,1,-0.34,开放申购,开放赎回,,,,
206,2022-11-23,1.5220,1.5220,,,1,0.16,开放申购,开放赎回,,,,
207,2022-11-22,1.5196,1.5196,,,1,0.13,开放申购,开放赎回,,,,
208,2022-11-21,1.5176,1.5176,,,1,-0.71,开放申购,开放赎回,,,,
209,2022-11-18,1.5285,1.5285,,,1,-0.37,开放申购,开放赎回,,,,
210,2022-11-17,1.5341,1.5341,,,1,-0.46,开放申购,开放赎回,,,,
211,2022-11-16,1.5412,1.5412,,,1,-0.81,开放申购,开放赎回,,,,
212,2022-11-15,1.5538,1.5538,,,1,1.69,开放申购,开放赎回,,,,
213,2022-11-14,1.5280,1.5280,,,1,0.12,开放申购,开放赎回,,,,
214,2022-11-11,1.5261,1.5261,,,1,2.54,开放申购,开放赎回,,,,
215,2022-11-10,1.4883,1.4883,,,1,-0.68,开放申购,开放赎回,,,,
216,2022-11-09,1.4985,1.4985,,,1,-0.88,开放申购,开放赎回,,,,
217,2022-11-08,1.5118,1.5118,,,1,-0.67,开放申购,开放赎回,,,,
218,2022-11-07,1.5220,1.5220,,,1,0.28,开放申购,开放赎回,,,,
219,2022-11-04,1.5178,1.5178,,,1,2.99,开放申购,开放赎回,,,,
220,2022-11-03,1.4737,1.4737,,,1,-0.71,开放申购,开放赎回,,,,
221,2022-11-02,1.4842,1.4842,,,1,1.12,开放申购,开放赎回,,,,
222,2022-11-01,1.4677,1.4677,,,1,3.02,开放申购,开放赎回,,,,
223,2022-10-31,1.4247,1.4247,,,1,-0.92,开放申购,开放赎回,,,,
224,2022-10-28,1.4379,1.4379,,,1,-2.34,开放申购,开放赎回,,,,
225,2022-10-27,1.4724,1.4724,,,1,-0.50,开放申购,开放赎回,,,,
226,2022-10-26,1.4798,1.4798,,,1,0.80,开放申购,开放赎回,,,,
227,2022-10-25,1.4680,1.4680,,,1,-0.15,开放申购,开放赎回,,,,
228,2022-10-24,1.4702,1.4702,,,1,-2.66,开放申购,开放赎回,,,,
229,2022-10-21,1.5104,1.5104,,,1,-0.30,开放申购,开放赎回,,,,
230,2022-10-20,1.5150,1.5150,,,1,-0.48,开放申购,开放赎回,,,,
231,2022-10-19,1.5223,1.5223,,,1,-1.41,开放申购,开放赎回,,,,
232,2022-10-18,1.5440,1.5440,,,1,-0.23,开放申购,开放赎回,,,,
233,2022-10-17,1.5475,1.5475,,,1,-0.12,开放申购,开放赎回,,,,
234,2022-10-14,1.5493,1.5493,,,1,2.14,开放申购,开放赎回,,,,
235,2022-10-13,1.5168,1.5168,,,1,-0.80,开放申购,开放赎回,,,,
236,2022-10-12,1.5290,1.5290,,,1,1.31,开放申购,开放赎回,,,,
237,2022-10-11,1.5093,1.5093,,,1,0.09,开放申购,开放赎回,,,,
238,2022-10-10,1.5079,1.5079,,,1,-1.93,开放申购,开放赎回,,,,
239,2022-09-30,1.5376,1.5376,,,1,-0.61,开放申购,开放赎回,,,,
240,2022-09-29,1.5470,1.5470,,,1,0.05,开放申购,开放赎回,,,,
241,2022-09-28,1.5463,1.5463,,,1,-1.45,开放申购,开放赎回,,,,
242,2022-09-27,1.5690,1.5690,,,1,1.25,开放申购,开放赎回,,,,
243,2022-09-26,1.5497,1.5497,,,1,-0.74,开放申购,开放赎回,,,,
244,2022-09-23,1.5612,1.5612,,,1,-0.23,开放申购,开放赎回,,,,
245,2022-09-22,1.5648,1.5648,,,1,-0.75,开放申购,开放赎回,,,,
246,2022-09-21,1.5767,1.5767,,,1,-0.46,开放申购,开放赎回,,,,
247,2022-09-20,1.5840,1.5840,,,1,0.22,开放申购,开放赎回,,,,
248,2022-09-19,1.5805,1.5805,,,1,-0.11,开放申购,开放赎回,,,,
249,2022-09-16,1.5823,1.5823,,,1,-2.16,开放申购,开放赎回,,,,
250,2022-09-15,1.6172,1.6172,,,1,-0.88,开放申购,开放赎回,,,,
251,2022-09-14,1.6316,1.6316,,,1,-1.09,开放申购,开放赎回,,,,
252,2022-09-13,1.6495,1.6495,,,1,0.22,开放申购,开放赎回,,,,
253,2022-09-09,1.6458,1.6458,,,1,1.09,开放申购,开放赎回,,,,
254,2022-09-08,1.6281,1.6281,,,1,-0.40,开放申购,开放赎回,,,,
255,2022-09-07,1.6347,1.6347,,,1,0.21,开放申购,开放赎回,,,,
256,2022-09-06,1.6312,1.6312,,,1,0.87,开放申购,开放赎回,,,,
257,2022-09-05,1.6172,1.6172,,,1,-0.16,开放申购,开放赎回,,,,
258,2022-09-02,1.6198,1.6198,,,1,-0.55,开放申购,开放赎回,,,,
259,2022-09-01,1.6288,1.6288,,,1,-0.77,开放申购,开放赎回,,,,
260,2022-08-31,1.6415,1.6415,,,1,-0.08,开放申购,开放赎回,,,,
261,2022-08-30,1.6428,1.6428,,,1,-0.27,开放申购,开放赎回,,,,
262,2022-08-29,1.6473,1.6473,,,1,-0.30,开放申购,开放赎回,,,,
263,2022-08-26,1.6523,1.6523,,,1,-0.16,开放申购,开放赎回,,,,
264,2022-08-25,1.6550,1.6550,,,1,0.90,开放申购,开放赎回,,,,
265,2022-08-24,1.6403,1.6403,,,1,-1.69,开放申购,开放赎回,,,,
266,2022-08-23,1.6685,1.6685,,,1,-0.50,开放申购,开放赎回,,,,
267,2022-08-22,1.6769,1.6769,,,1,0.84,开放申购,开放赎回,,,,
268,2022-08-19,1.6630,1.6630,,,1,-0.55,开放申购,开放赎回,,,,
269,2022-08-18,1.6722,1.6722,,,1,-0.67,开放申购,开放赎回,,,,
270,2022-08-17,1.6835,1.6835,,,1,0.81,开放申购,开放赎回,,,,
271,2022-08-16,1.6699,1.6699,,,1,-0.17,开放申购,开放赎回,,,,
272,2022-08-15,1.6728,1.6728,,,1,0.01,开放申购,开放赎回,,,,
273,2022-08-12,1.6727,1.6727,,,1,0.13,开放申购,开放赎回,,,,
274,2022-08-11,1.6706,1.6706,,,1,1.74,开放申购,开放赎回,,,,
275,2022-08-10,1.6421,1.6421,,,1,-1.06,开放申购,开放赎回,,,,
276,2022-08-09,1.6597,1.6597,,,1,0.27,开放申购,开放赎回,,,,
277,2022-08-08,1.6552,1.6552,,,1,-0.01,开放申购,开放赎回,,,,
278,2022-08-05,1.6553,1.6553,,,1,1.41,开放申购,开放赎回,,,,
279,2022-08-04,1.6323,1.6323,,,1,0.79,开放申购,开放赎回,,,,
280,2022-08-03,1.6195,1.6195,,,1,-0.71,开放申购,开放赎回,,,,
281,2022-08-02,1.6310,1.6310,,,1,-1.81,开放申购,开放赎回,,,,
282,2022-08-01,1.6611,1.6611,,,1,0.44,开放申购,开放赎回,,,,
283,2022-07-29,1.6538,1.6538,,,1,-1.26,开放申购,开放赎回,,,,
284,2022-07-28,1.6749,1.6749,,,1,-0.05,开放申购,开放赎回,,,,
285,2022-07-27,1.6757,1.6757,,,1,-0.45,开放申购,开放赎回,,,,
286,2022-07-26,1.6832,1.6832,,,1,0.88,开放申购,开放赎回,,,,
287,2022-07-25,1.6685,1.6685,,,1,-0.57,开放申购,开放赎回,,,,
288,2022-07-22,1.6781,1.6781,,,1,-0.02,开放申购,开放赎回,,,,
289,2022-07-21,1.6784,1.6784,,,1,-1.08,开放申购,开放赎回,,,,
290,2022-07-20,1.6967,1.6967,,,1,0.38,开放申购,开放赎回,,,,
291,2022-07-19,1.6903,1.6903,,,1,-0.34,开放申购,开放赎回,,,,
292,2022-07-18,1.6961,1.6961,,,1,0.82,开放申购,开放赎回,,,,
293,2022-07-15,1.6823,1.6823,,,1,-1.32,开放申购,开放赎回,,,,
294,2022-07-14,1.7048,1.7048,,,1,-0.09,开放申购,开放赎回,,,,
295,2022-07-13,1.7063,1.7063,,,1,0.06,开放申购,开放赎回,,,,
296,2022-07-12,1.7053,1.7053,,,1,-0.85,开放申购,开放赎回,,,,
297,2022-07-11,1.7199,1.7199,,,1,-1.64,开放申购,开放赎回,,,,
298,2022-07-08,1.7486,1.7486,,,1,-0.33,开放申购,开放赎回,,,,
299,2022-07-07,1.7544,1.7544,,,1,0.33,开放申购,开放赎回,,,,
300,2022-07-06,1.7486,1.7486,,,1,-1.23,开放申购,开放赎回,,,,
301,2022-07-05,1.7703,1.7703,,,1,0.26,开放申购,开放赎回,,,,
302,2022-07-04,1.7657,1.7657,,,1,0.64,开放申购,开放赎回,,,,
303,2022-07-01,1.7544,1.7544,,,1,-0.27,开放申购,开放赎回,,,,
304,2022-06-30,1.7591,1.7591,,,1,1.32,开放申购,开放赎回,,,,
305,2022-06-29,1.7361,1.7361,,,1,-1.17,开放申购,开放赎回,,,,
306,2022-06-28,1.7566,1.7566,,,1,1.18,开放申购,开放赎回,,,,
307,2022-06-27,1.7361,1.7361,,,1,1.14,开放申购,开放赎回,,,,
308,2022-06-24,1.7166,1.7166,,,1,1.10,开放申购,开放赎回,,,,
309,2022-06-23,1.6980,1.6980,,,1,1.59,开放申购,开放赎回,,,,
310,2022-06-22,1.6715,1.6715,,,1,-1.29,开放申购,开放赎回,,,,
311,2022-06-21,1.6933,1.6933,,,1,-0.08,开放申购,开放赎回,,,,
312,2022-06-20,1.6947,1.6947,,,1,0.23,开放申购,开放赎回,,,,
313,2022-06-17,1.6908,1.6908,,,1,1.22,开放申购,开放赎回,,,,
314,2022-06-16,1.6704,1.6704,,,1,-0.60,开放申购,开放赎回,,,,
315,2022-06-15,1.6804,1.6804,,,1,0.87,开放申购,开放赎回,,,,
316,2022-06-14,1.6659,1.6659,,,1,0.78,开放申购,开放赎回,,,,
317,2022-06-13,1.6530,1.6530,,,1,-1.20,开放申购,开放赎回,,,,
318,2022-06-10,1.6731,1.6731,,,1,1.54,开放申购,开放赎回,,,,
319,2022-06-09,1.6477,1.6477,,,1,-0.81,开放申购,开放赎回,,,,
320,2022-06-08,1.6611,1.6611,,,1,0.99,开放申购,开放赎回,,,,
321,2022-06-07,1.6448,1.6448,,,1,0.40,开放申购,开放赎回,,,,
322,2022-06-06,1.6382,1.6382,,,1,1.63,开放申购,开放赎回,,,,
323,2022-06-02,1.6120,1.6120,,,1,0.12,开放申购,开放赎回,,,,
324,2022-06-01,1.6101,1.6101,,,1,-0.13,开放申购,开放赎回,,,,
325,2022-05-31,1.6122,1.6122,,,1,1.38,开放申购,开放赎回,,,,
326,2022-05-30,1.5902,1.5902,,,1,0.68,开放申购,开放赎回,,,,
327,2022-05-27,1.5794,1.5794,,,1,0.21,开放申购,开放赎回,,,,
328,2022-05-26,1.5761,1.5761,,,1,0.18,开放申购,开放赎回,,,,
329,2022-05-25,1.5732,1.5732,,,1,0.60,开放申购,开放赎回,,,,
330,2022-05-24,1.5638,1.5638,,,1,-2.26,开放申购,开放赎回,,,,
331,2022-05-23,1.6000,1.6000,,,1,-0.42,开放申购,开放赎回,,,,
332,2022-05-20,1.6067,1.6067,,,1,1.82,开放申购,开放赎回,,,,
333,2022-05-19,1.5780,1.5780,,,1,0.20,开放申购,开放赎回,,,,
334,2022-05-18,1.5748,1.5748,,,1,-0.37,开放申购,开放赎回,,,,
335,2022-05-17,1.5807,1.5807,,,1,0.98,开放申购,开放赎回,,,,
336,2022-05-16,1.5653,1.5653,,,1,-0.76,开放申购,开放赎回,,,,
337,2022-05-13,1.5773,1.5773,,,1,0.80,开放申购,开放赎回,,,,
338,2022-05-12,1.5648,1.5648,,,1,-0.34,开放申购,开放赎回,,,,
339,2022-05-11,1.5702,1.5702,,,1,1.22,开放申购,开放赎回,,,,
340,2022-05-10,1.5513,1.5513,,,1,1.08,开放申购,开放赎回,,,,
341,2022-05-09,1.5347,1.5347,,,1,-0.80,开放申购,开放赎回,,,,
342,2022-05-06,1.5471,1.5471,,,1,-2.29,开放申购,开放赎回,,,,
343,2022-05-05,1.5833,1.5833,,,1,-0.15,开放申购,开放赎回,,,,
344,2022-04-29,1.5857,1.5857,,,1,2.30,开放申购,开放赎回,,,,
345,2022-04-28,1.5501,1.5501,,,1,0.65,开放申购,开放赎回,,,,
346,2022-04-27,1.5401,1.5401,,,1,2.90,开放申购,开放赎回,,,,
347,2022-04-26,1.4967,1.4967,,,1,-0.96,开放申购,开放赎回,,,,
348,2022-04-25,1.5112,1.5112,,,1,-4.91,开放申购,开放赎回,,,,
349,2022-04-22,1.5892,1.5892,,,1,0.46,开放申购,开放赎回,,,,
350,2022-04-21,1.5820,1.5820,,,1,-1.78,开放申购,开放赎回,,,,
351,2022-04-20,1.6106,1.6106,,,1,-1.44,开放申购,开放赎回,,,,
352,2022-04-19,1.6342,1.6342,,,1,-0.66,开放申购,开放赎回,,,,
353,2022-04-18,1.6450,1.6450,,,1,-0.48,开放申购,开放赎回,,,,
354,2022-04-15,1.6530,1.6530,,,1,0.00,开放申购,开放赎回,,,,
355,2022-04-14,1.6530,1.6530,,,1,1.34,开放申购,开放赎回,,,,
356,2022-04-13,1.6312,1.6312,,,1,-1.00,开放申购,开放赎回,,,,
357,2022-04-12,1.6476,1.6476,,,1,1.96,开放申购,开放赎回,,,,
358,2022-04-11,1.6159,1.6159,,,1,-3.23,开放申购,开放赎回,,,,
359,2022-04-08,1.6698,1.6698,,,1,0.35,开放申购,开放赎回,,,,
360,2022-04-07,1.6640,1.6640,,,1,-1.23,开放申购,开放赎回,,,,
361,2022-04-06,1.6847,1.6847,,,1,-0.55,开放申购,开放赎回,,,,
362,2022-04-01,1.6941,1.6941,,,1,1.15,开放申购,开放赎回,,,,
363,2022-03-31,1.6749,1.6749,,,1,-0.76,开放申购,开放赎回,,,,
364,2022-03-30,1.6878,1.6878,,,1,2.73,开放申购,开放赎回,,,,
365,2022-03-29,1.6429,1.6429,,,1,0.04,开放申购,开放赎回,,,,
366,2022-03-28,1.6422,1.6422,,,1,-0.76,开放申购,开放赎回,,,,
367,2022-03-25,1.6547,1.6547,,,1,-1.71,开放申购,开放赎回,,,,
368,2022-03-24,1.6835,1.6835,,,1,-0.25,开放申购,开放赎回,,,,
369,2022-03-23,1.6878,1.6878,,,1,0.60,开放申购,开放赎回,,,,
370,2022-03-22,1.6777,1.6777,,,1,-0.10,开放申购,开放赎回,,,,
371,2022-03-21,1.6794,1.6794,,,1,0.08,开放申购,开放赎回,,,,
372,2022-03-18,1.6781,1.6781,,,1,0.55,开放申购,开放赎回,,,,
373,2022-03-17,1.6690,1.6690,,,1,1.82,开放申购,开放赎回,,,,
374,2022-03-16,1.6391,1.6391,,,1,4.29,开放申购,开放赎回,,,,
375,2022-03-15,1.5717,1.5717,,,1,-4.01,开放申购,开放赎回,,,,
376,2022-03-14,1.6374,1.6374,,,1,-2.99,开放申购,开放赎回,,,,
377,2022-03-11,1.6879,1.6879,,,1,0.29,开放申购,开放赎回,,,,
378,2022-03-10,1.6830,1.6830,,,1,1.53,开放申购,开放赎回,,,,
379,2022-03-09,1.6577,1.6577,,,1,-0.83,开放申购,开放赎回,,,,
380,2022-03-08,1.6716,1.6716,,,1,-2.14,开放申购,开放赎回,,,,
381,2022-03-07,1.7081,1.7081,,,1,-2.93,开放申购,开放赎回,,,,
382,2022-03-04,1.7597,1.7597,,,1,-1.06,开放申购,开放赎回,,,,
383,2022-03-03,1.7786,1.7786,,,1,-0.34,开放申购,开放赎回,,,,
384,2022-03-02,1.7847,1.7847,,,1,-0.93,开放申购,开放赎回,,,,
385,2022-03-01,1.8015,1.8015,,,1,0.86,开放申购,开放赎回,,,,
386,2022-02-28,1.7861,1.7861,,,1,0.35,开放申购,开放赎回,,,,
387,2022-02-25,1.7798,1.7798,,,1,1.07,开放申购,开放赎回,,,,
388,2022-02-24,1.7610,1.7610,,,1,-1.84,开放申购,开放赎回,,,,
389,2022-02-23,1.7941,1.7941,,,1,1.32,开放申购,开放赎回,,,,
390,2022-02-22,1.7708,1.7708,,,1,-0.88,开放申购,开放赎回,,,,
391,2022-02-21,1.7865,1.7865,,,1,-0.31,开放申购,开放赎回,,,,
392,2022-02-18,1.7920,1.7920,,,1,0.34,开放申购,开放赎回,,,,
393,2022-02-17,1.7860,1.7860,,,1,0.36,开放申购,开放赎回,,,,
394,2022-02-16,1.7796,1.7796,,,1,0.74,开放申购,开放赎回,,,,
395,2022-02-15,1.7665,1.7665,,,1,1.28,开放申购,开放赎回,,,,
396,2022-02-14,1.7442,1.7442,,,1,-1.17,开放申购,开放赎回,,,,
397,2022-02-11,1.7649,1.7649,,,1,-0.80,开放申购,开放赎回,,,,
398,2022-02-10,1.7792,1.7792,,,1,-0.57,开放申购,开放赎回,,,,
399,2022-02-09,1.7894,1.7894,,,1,1.04,开放申购,开放赎回,,,,
400,2022-02-08,1.7710,1.7710,,,1,-0.86,开放申购,开放赎回,,,,
401,2022-02-07,1.7864,1.7864,,,1,1.45,开放申购,开放赎回,,,,
402,2022-01-28,1.7609,1.7609,,,1,-1.07,开放申购,开放赎回,,,,
403,2022-01-27,1.7799,1.7799,,,1,-1.55,开放申购,开放赎回,,,,
404,2022-01-26,1.8080,1.8080,,,1,0.58,开放申购,开放赎回,,,,
405,2022-01-25,1.7976,1.7976,,,1,-2.03,开放申购,开放赎回,,,,
406,2022-01-24,1.8348,1.8348,,,1,0.09,开放申购,开放赎回,,,,
407,2022-01-21,1.8332,1.8332,,,1,-0.75,开放申购,开放赎回,,,,
408,2022-01-20,1.8471,1.8471,,,1,0.84,开放申购,开放赎回,,,,
409,2022-01-19,1.8317,1.8317,,,1,-0.68,开放申购,开放赎回,,,,
410,2022-01-18,1.8443,1.8443,,,1,0.97,开放申购,开放赎回,,,,
411,2022-01-17,1.8265,1.8265,,,1,0.76,开放申购,开放赎回,,,,
412,2022-01-14,1.8128,1.8128,,,1,-0.85,开放申购,开放赎回,,,,
413,2022-01-13,1.8283,1.8283,,,1,-1.30,开放申购,开放赎回,,,,
414,2022-01-12,1.8523,1.8523,,,1,0.97,开放申购,开放赎回,,,,
415,2022-01-11,1.8345,1.8345,,,1,-0.53,开放申购,开放赎回,,,,
416,2022-01-10,1.8443,1.8443,,,1,0.44,开放申购,开放赎回,,,,
417,2022-01-07,1.8363,1.8363,,,1,0.04,开放申购,开放赎回,,,,
418,2022-01-06,1.8356,1.8356,,,1,-1.07,开放申购,开放赎回,,,,
419,2022-01-05,1.8555,1.8555,,,1,-1.33,开放申购,开放赎回,,,,
420,2022-01-04,1.8806,1.8806,,,1,-1.37,开放申购,开放赎回,,,,
421,2021-12-31,1.9068,1.9068,,,1,0.19,开放申购,开放赎回,,,,
422,2021-12-30,1.9032,1.9032,,,1,0.88,开放申购,开放赎回,,,,
423,2021-12-29,1.8866,1.8866,,,1,-1.33,开放申购,开放赎回,,,,
424,2021-12-28,1.9120,1.9120,,,1,1.00,开放申购,开放赎回,,,,
425,2021-12-27,1.8931,1.8931,,,1,-0.26,开放申购,开放赎回,,,,
426,2021-12-24,1.8981,1.8981,,,1,-0.74,开放申购,开放赎回,,,,
427,2021-12-23,1.9122,1.9122,,,1,0.54,开放申购,开放赎回,,,,
428,2021-12-22,1.9020,1.9020,,,1,0.25,开放申购,开放赎回,,,,
429,2021-12-21,1.8972,1.8972,,,1,0.75,开放申购,开放赎回,,,,
430,2021-12-20,1.8830,1.8830,,,1,-1.57,开放申购,开放赎回,,,,
431,2021-12-17,1.9131,1.9131,,,1,-1.47,开放申购,开放赎回,,,,
432,2021-12-16,1.9417,1.9417,,,1,0.65,开放申购,开放赎回,,,,
433,2021-12-15,1.9292,1.9292,,,1,-0.78,开放申购,开放赎回,,,,
434,2021-12-14,1.9443,1.9443,,,1,-0.70,开放申购,开放赎回,,,,
435,2021-12-13,1.9581,1.9581,,,1,0.44,开放申购,开放赎回,,,,
436,2021-12-10,1.9496,1.9496,,,1,-0.23,开放申购,开放赎回,,,,
437,2021-12-09,1.9540,1.9540,,,1,1.33,开放申购,开放赎回,,,,
438,2021-12-08,1.9284,1.9284,,,1,1.44,开放申购,开放赎回,,,,
439,2021-12-07,1.9010,1.9010,,,1,0.40,开放申购,开放赎回,,,,
440,2021-12-06,1.8935,1.8935,,,1,-0.30,开放申购,开放赎回,,,,
441,2021-12-03,1.8992,1.8992,,,1,0.90,开放申购,开放赎回,,,,
442,2021-12-02,1.8823,1.8823,,,1,0.12,开放申购,开放赎回,,,,
443,2021-12-01,1.8800,1.8800,,,1,0.15,开放申购,开放赎回,,,,
444,2021-11-30,1.8772,1.8772,,,1,-0.26,开放申购,开放赎回,,,,
445,2021-11-29,1.8821,1.8821,,,1,-0.22,开放申购,开放赎回,,,,
446,2021-11-26,1.8863,1.8863,,,1,-0.63,开放申购,开放赎回,,,,
447,2021-11-25,1.8982,1.8982,,,1,-0.35,开放申购,开放赎回,,,,
448,2021-11-24,1.9049,1.9049,,,1,-0.11,开放申购,开放赎回,,,,
449,2021-11-23,1.9070,1.9070,,,1,-0.08,开放申购,开放赎回,,,,
450,2021-11-22,1.9086,1.9086,,,1,0.46,开放申购,开放赎回,,,,
451,2021-11-19,1.8998,1.8998,,,1,0.87,开放申购,开放赎回,,,,
452,2021-11-18,1.8834,1.8834,,,1,-1.01,开放申购,开放赎回,,,,
453,2021-11-17,1.9026,1.9026,,,1,0.08,开放申购,开放赎回,,,,
454,2021-11-16,1.9010,1.9010,,,1,0.13,开放申购,开放赎回,,,,
455,2021-11-15,1.8986,1.8986,,,1,-0.08,开放申购,开放赎回,,,,
456,2021-11-12,1.9001,1.9001,,,1,-0.34,开放申购,开放赎回,,,,
457,2021-11-11,1.9066,1.9066,,,1,1.45,开放申购,开放赎回,,,,
458,2021-11-10,1.8793,1.8793,,,1,-0.69,开放申购,开放赎回,,,,
459,2021-11-09,1.8923,1.8923,,,1,-0.12,开放申购,开放赎回,,,,
460,2021-11-08,1.8946,1.8946,,,1,-0.06,开放申购,开放赎回,,,,
461,2021-11-05,1.8958,1.8958,,,1,-0.47,开放申购,开放赎回,,,,
462,2021-11-04,1.9047,1.9047,,,1,0.63,开放申购,开放赎回,,,,
463,2021-11-03,1.8928,1.8928,,,1,-0.15,开放申购,开放赎回,,,,
464,2021-11-02,1.8956,1.8956,,,1,-1.29,开放申购,开放赎回,,,,
465,2021-11-01,1.9204,1.9204,,,1,-0.60,开放申购,开放赎回,,,,
466,2021-10-29,1.9319,1.9319,,,1,0.76,开放申购,开放赎回,,,,
467,2021-10-28,1.9173,1.9173,,,1,-0.71,开放申购,开放赎回,,,,
468,2021-10-27,1.9310,1.9310,,,1,-1.41,开放申购,开放赎回,,,,
469,2021-10-26,1.9587,1.9587,,,1,0.01,开放申购,开放赎回,,,,
470,2021-10-25,1.9586,1.9586,,,1,0.37,开放申购,开放赎回,,,,
471,2021-10-22,1.9513,1.9513,,,1,0.37,开放申购,开放赎回,,,,
472,2021-10-21,1.9441,1.9441,,,1,0.27,开放申购,开放赎回,,,,
473,2021-10-20,1.9388,1.9388,,,1,-0.44,开放申购,开放赎回,,,,
474,2021-10-19,1.9473,1.9473,,,1,0.78,开放申购,开放赎回,,,,
475,2021-10-18,1.9323,1.9323,,,1,-1.16,开放申购,开放赎回,,,,
476,2021-10-15,1.9549,1.9549,,,1,0.31,开放申购,开放赎回,,,,
477,2021-10-14,1.9488,1.9488,,,1,-0.62,开放申购,开放赎回,,,,
478,2021-10-13,1.9609,1.9609,,,1,1.14,开放申购,开放赎回,,,,
479,2021-10-12,1.9388,1.9388,,,1,-1.03,开放申购,开放赎回,,,,
480,2021-10-11,1.9589,1.9589,,,1,-0.03,开放申购,开放赎回,,,,
481,2021-10-08,1.9594,1.9594,,,1,1.37,开放申购,开放赎回,,,,
482,2021-09-30,1.9329,1.9329,,,1,0.52,开放申购,开放赎回,,,,
483,2021-09-29,1.9229,1.9229,,,1,-0.98,开放申购,开放赎回,,,,
484,2021-09-28,1.9420,1.9420,,,1,0.27,开放申购,开放赎回,,,,
485,2021-09-27,1.9368,1.9368,,,1,0.92,开放申购,开放赎回,,,,
486,2021-09-24,1.9192,1.9192,,,1,-0.14,开放申购,开放赎回,,,,
487,2021-09-23,1.9219,1.9219,,,1,0.49,开放申购,开放赎回,,,,
488,2021-09-22,1.9125,1.9125,,,1,-0.58,开放申购,开放赎回,,,,
489,2021-09-17,1.9236,1.9236,,,1,1.00,开放申购,开放赎回,,,,
490,2021-09-16,1.9046,1.9046,,,1,-0.91,开放申购,开放赎回,,,,
491,2021-09-15,1.9220,1.9220,,,1,-0.91,开放申购,开放赎回,,,,
492,2021-09-14,1.9397,1.9397,,,1,-1.39,开放申购,开放赎回,,,,
493,2021-09-13,1.9671,1.9671,,,1,-0.30,开放申购,开放赎回,,,,
494,2021-09-10,1.9731,1.9731,,,1,0.63,开放申购,开放赎回,,,,
495,2021-09-09,1.9607,1.9607,,,1,0.09,开放申购,开放赎回,,,,
496,2021-09-08,1.9590,1.9590,,,1,-0.35,开放申购,开放赎回,,,,
497,2021-09-07,1.9659,1.9659,,,1,1.18,开放申购,开放赎回,,,,
498,2021-09-06,1.9430,1.9430,,,1,1.72,开放申购,开放赎回,,,,
499,2021-09-03,1.9101,1.9101,,,1,-0.19,开放申购,开放赎回,,,,
500,2021-09-02,1.9138,1.9138,,,1,-0.05,开放申购,开放赎回,,,,
501,2021-09-01,1.9148,1.9148,,,1,1.62,开放申购,开放赎回,,,,
502,2021-08-31,1.8842,1.8842,,,1,-0.63,开放申购,开放赎回,,,,
503,2021-08-30,1.8962,1.8962,,,1,0.45,开放申购,开放赎回,,,,
504,2021-08-27,1.8877,1.8877,,,1,0.54,开放申购,开放赎回,,,,
505,2021-08-26,1.8775,1.8775,,,1,-1.80,开放申购,开放赎回,,,,
506,2021-08-25,1.9120,1.9120,,,1,0.41,开放申购,开放赎回,,,,
507,2021-08-24,1.9042,1.9042,,,1,1.23,开放申购,开放赎回,,,,
508,2021-08-23,1.8811,1.8811,,,1,1.31,开放申购,开放赎回,,,,
509,2021-08-20,1.8568,1.8568,,,1,-1.96,开放申购,开放赎回,,,,
510,2021-08-19,1.8939,1.8939,,,1,-0.88,开放申购,开放赎回,,,,
511,2021-08-18,1.9108,1.9108,,,1,1.03,开放申购,开放赎回,,,,
512,2021-08-17,1.8914,1.8914,,,1,-1.99,开放申购,开放赎回,,,,
513,2021-08-16,1.9299,1.9299,,,1,0.17,开放申购,开放赎回,,,,
514,2021-08-13,1.9266,1.9266,,,1,-0.52,开放申购,开放赎回,,,,
515,2021-08-12,1.9367,1.9367,,,1,-0.76,开放申购,开放赎回,,,,
516,2021-08-11,1.9515,1.9515,,,1,-0.61,开放申购,开放赎回,,,,
517,2021-08-10,1.9635,1.9635,,,1,1.06,开放申购,开放赎回,,,,
518,2021-08-09,1.9430,1.9430,,,1,1.44,开放申购,开放赎回,,,,
519,2021-08-06,1.9155,1.9155,,,1,-0.73,开放申购,开放赎回,,,,
520,2021-08-05,1.9295,1.9295,,,1,-0.41,开放申购,开放赎回,,,,
521,2021-08-04,1.9375,1.9375,,,1,0.80,开放申购,开放赎回,,,,
522,2021-08-03,1.9222,1.9222,,,1,0.24,开放申购,开放赎回,,,,
523,2021-08-02,1.9176,1.9176,,,1,2.38,开放申购,开放赎回,,,,
524,2021-07-30,1.8730,1.8730,,,1,-1.04,开放申购,开放赎回,,,,
525,2021-07-29,1.8926,1.8926,,,1,2.06,开放申购,开放赎回,,,,
526,2021-07-28,1.8544,1.8544,,,1,0.09,开放申购,开放赎回,,,,
527,2021-07-27,1.8527,1.8527,,,1,-3.15,开放申购,开放赎回,,,,
528,2021-07-26,1.9129,1.9129,,,1,-3.15,开放申购,开放赎回,,,,
529,2021-07-23,1.9752,1.9752,,,1,-1.05,开放申购,开放赎回,,,,
530,2021-07-22,1.9962,1.9962,,,1,0.33,开放申购,开放赎回,,,,
531,2021-07-21,1.9897,1.9897,,,1,0.54,开放申购,开放赎回,,,,
532,2021-07-20,1.9791,1.9791,,,1,-0.39,开放申购,开放赎回,,,,
533,2021-07-19,1.9869,1.9869,,,1,0.21,开放申购,开放赎回,,,,
534,2021-07-16,1.9827,1.9827,,,1,-0.88,开放申购,开放赎回,,,,
535,2021-07-15,2.0004,2.0004,,,1,1.41,开放申购,开放赎回,,,,
536,2021-07-14,1.9725,1.9725,,,1,-0.95,开放申购,开放赎回,,,,
537,2021-07-13,1.9915,1.9915,,,1,0.30,开放申购,开放赎回,,,,
538,2021-07-12,1.9855,1.9855,,,1,0.98,开放申购,开放赎回,,,,
539,2021-07-09,1.9663,1.9663,,,1,-0.52,开放申购,开放赎回,,,,
540,2021-07-08,1.9765,1.9765,,,1,-1.01,开放申购,开放赎回,,,,
541,2021-07-07,1.9967,1.9967,,,1,1.10,开放申购,开放赎回,,,,
542,2021-07-06,1.9750,1.9750,,,1,-0.23,开放申购,开放赎回,,,,
543,2021-07-05,1.9796,1.9796,,,1,0.18,开放申购,开放赎回,,,,
544,2021-07-02,1.9761,1.9761,,,1,-3.12,开放申购,开放赎回,,,,
545,2021-07-01,2.0398,2.0398,,,1,0.07,开放申购,开放赎回,,,,
546,2021-06-30,2.0383,2.0383,,,1,0.60,开放申购,开放赎回,,,,
547,2021-06-29,2.0262,2.0262,,,1,-1.40,开放申购,开放赎回,,,,
548,2021-06-28,2.0549,2.0549,,,1,0.17,开放申购,开放赎回,,,,
549,2021-06-25,2.0515,2.0515,,,1,1.77,开放申购,开放赎回,,,,
550,2021-06-24,2.0158,2.0158,,,1,-0.10,开放申购,开放赎回,,,,
551,2021-06-23,2.0178,2.0178,,,1,0.63,开放申购,开放赎回,,,,
552,2021-06-22,2.0051,2.0051,,,1,0.77,开放申购,开放赎回,,,,
553,2021-06-21,1.9898,1.9898,,,1,-0.06,开放申购,开放赎回,,,,
554,2021-06-18,1.9910,1.9910,,,1,0.12,开放申购,开放赎回,,,,
555,2021-06-17,1.9886,1.9886,,,1,0.75,开放申购,开放赎回,,,,
556,2021-06-16,1.9738,1.9738,,,1,-1.74,开放申购,开放赎回,,,,
557,2021-06-15,2.0088,2.0088,,,1,-0.86,开放申购,开放赎回,,,,
558,2021-06-11,2.0263,2.0263,,,1,-0.85,开放申购,开放赎回,,,,
559,2021-06-10,2.0437,2.0437,,,1,0.74,开放申购,开放赎回,,,,
560,2021-06-09,2.0286,2.0286,,,1,0.05,开放申购,开放赎回,,,,
561,2021-06-08,2.0275,2.0275,,,1,-0.76,开放申购,开放赎回,,,,
562,2021-06-07,2.0431,2.0431,,,1,0.25,开放申购,开放赎回,,,,
563,2021-06-04,2.0381,2.0381,,,1,0.51,开放申购,开放赎回,,,,
564,2021-06-03,2.0277,2.0277,,,1,-0.66,开放申购,开放赎回,,,,
565,2021-06-02,2.0411,2.0411,,,1,-0.92,开放申购,开放赎回,,,,
566,2021-06-01,2.0601,2.0601,,,1,0.30,开放申购,开放赎回,,,,
567,2021-05-31,2.0540,2.0540,,,1,0.22,开放申购,开放赎回,,,,
568,2021-05-28,2.0495,2.0495,,,1,-0.48,开放申购,开放赎回,,,,
569,2021-05-27,2.0593,2.0593,,,1,0.27,开放申购,开放赎回,,,,
570,2021-05-26,2.0537,2.0537,,,1,-0.14,开放申购,开放赎回,,,,
571,2021-05-25,2.0566,2.0566,,,1,2.93,开放申购,开放赎回,,,,
572,2021-05-24,1.9980,1.9980,,,1,0.18,开放申购,开放赎回,,,,
573,2021-05-21,1.9944,1.9944,,,1,-0.57,开放申购,开放赎回,,,,
574,2021-05-20,2.0058,2.0058,,,1,0.51,开放申购,开放赎回,,,,
575,2021-05-19,1.9956,1.9956,,,1,-0.40,开放申购,开放赎回,,,,
576,2021-05-18,2.0037,2.0037,,,1,0.10,开放申购,开放赎回,,,,
577,2021-05-17,2.0017,2.0017,,,1,1.34,开放申购,开放赎回,,,,
578,2021-05-14,1.9752,1.9752,,,1,1.97,开放申购,开放赎回,,,,
579,2021-05-13,1.9371,1.9371,,,1,-0.73,开放申购,开放赎回,,,,
580,2021-05-12,1.9513,1.9513,,,1,0.38,开放申购,开放赎回,,,,
581,2021-05-11,1.9440,1.9440,,,1,0.66,开放申购,开放赎回,,,,
582,2021-05-10,1.9313,1.9313,,,1,-0.20,开放申购,开放赎回,,,,
583,2021-05-07,1.9352,1.9352,,,1,-1.38,开放申购,开放赎回,,,,
584,2021-05-06,1.9622,1.9622,,,1,-1.16,开放申购,开放赎回,,,,
585,2021-04-30,1.9853,1.9853,,,1,-0.64,开放申购,开放赎回,,,,
586,2021-04-29,1.9981,1.9981,,,1,0.62,开放申购,开放赎回,,,,
587,2021-04-28,1.9857,1.9857,,,1,0.60,开放申购,开放赎回,,,,
588,2021-04-27,1.9738,1.9738,,,1,0.61,开放申购,开放赎回,,,,
589,2021-04-26,1.9618,1.9618,,,1,-0.99,开放申购,开放赎回,,,,
590,2021-04-23,1.9814,1.9814,,,1,0.75,开放申购,开放赎回,,,,
591,2021-04-22,1.9666,1.9666,,,1,-0.28,开放申购,开放赎回,,,,
592,2021-04-21,1.9721,1.9721,,,1,0.39,开放申购,开放赎回,,,,
593,2021-04-20,1.9645,1.9645,,,1,-0.02,开放申购,开放赎回,,,,
594,2021-04-19,1.9649,1.9649,,,1,1.88,开放申购,开放赎回,,,,
595,2021-04-16,1.9286,1.9286,,,1,0.51,开放申购,开放赎回,,,,
596,2021-04-15,1.9189,1.9189,,,1,-0.51,开放申购,开放赎回,,,,
597,2021-04-14,1.9288,1.9288,,,1,0.77,开放申购,开放赎回,,,,
598,2021-04-13,1.9140,1.9140,,,1,-0.10,开放申购,开放赎回,,,,
599,2021-04-12,1.9160,1.9160,,,1,-1.81,开放申购,开放赎回,,,,
600,2021-04-09,1.9514,1.9514,,,1,-0.99,开放申购,开放赎回,,,,
601,2021-04-08,1.9710,1.9710,,,1,0.23,开放申购,开放赎回,,,,
602,2021-04-07,1.9665,1.9665,,,1,-0.57,开放申购,开放赎回,,,,
603,2021-04-06,1.9778,1.9778,,,1,-0.29,开放申购,开放赎回,,,,
604,2021-04-02,1.9835,1.9835,,,1,0.75,开放申购,开放赎回,,,,
605,2021-04-01,1.9688,1.9688,,,1,1.25,开放申购,开放赎回,,,,
606,2021-03-31,1.9445,1.9445,,,1,-0.85,开放申购,开放赎回,,,,
607,2021-03-30,1.9611,1.9611,,,1,1.03,开放申购,开放赎回,,,,
608,2021-03-29,1.9412,1.9412,,,1,0.02,开放申购,开放赎回,,,,
609,2021-03-26,1.9409,1.9409,,,1,2.30,开放申购,开放赎回,,,,
610,2021-03-25,1.8973,1.8973,,,1,0.13,开放申购,开放赎回,,,,
611,2021-03-24,1.8949,1.8949,,,1,-1.73,开放申购,开放赎回,,,,
612,2021-03-23,1.9283,1.9283,,,1,-1.14,开放申购,开放赎回,,,,
613,2021-03-22,1.9505,1.9505,,,1,0.83,开放申购,开放赎回,,,,
614,2021-03-19,1.9344,1.9344,,,1,-2.45,开放申购,开放赎回,,,,
615,2021-03-18,1.9829,1.9829,,,1,1.01,开放申购,开放赎回,,,,
616,2021-03-17,1.9630,1.9630,,,1,0.60,开放申购,开放赎回,,,,
617,2021-03-16,1.9512,1.9512,,,1,0.84,开放申购,开放赎回,,,,
618,2021-03-15,1.9350,1.9350,,,1,-1.95,开放申购,开放赎回,,,,
619,2021-03-12,1.9734,1.9734,,,1,0.60,开放申购,开放赎回,,,,
620,2021-03-11,1.9616,1.9616,,,1,2.49,开放申购,开放赎回,,,,
621,2021-03-10,1.9139,1.9139,,,1,0.98,开放申购,开放赎回,,,,
622,2021-03-09,1.8954,1.8954,,,1,-2.30,开放申购,开放赎回,,,,
623,2021-03-08,1.9401,1.9401,,,1,-3.39,开放申购,开放赎回,,,,
624,2021-03-05,2.0081,2.0081,,,1,-0.09,开放申购,开放赎回,,,,
625,2021-03-04,2.0099,2.0099,,,1,-2.88,开放申购,开放赎回,,,,
626,2021-03-03,2.0696,2.0696,,,1,2.19,开放申购,开放赎回,,,,
627,2021-03-02,2.0253,2.0253,,,1,-1.00,开放申购,开放赎回,,,,
628,2021-03-01,2.0458,2.0458,,,1,1.18,开放申购,开放赎回,,,,
629,2021-02-26,2.0220,2.0220,,,1,-2.38,开放申购,开放赎回,,,,
630,2021-02-25,2.0714,2.0714,,,1,0.45,开放申购,开放赎回,,,,
631,2021-02-24,2.0622,2.0622,,,1,-2.27,开放申购,开放赎回,,,,
632,2021-02-23,2.1102,2.1102,,,1,-0.18,开放申购,开放赎回,,,,
633,2021-02-22,2.1141,2.1141,,,1,-3.43,开放申购,开放赎回,,,,
634,2021-02-19,2.1891,2.1891,,,1,0.01,开放申购,开放赎回,,,,
635,2021-02-18,2.1888,2.1888,,,1,-0.57,开放申购,开放赎回,,,,
636,2021-02-10,2.2013,2.2013,,,1,1.84,开放申购,开放赎回,,,,
637,2021-02-09,2.1616,2.1616,,,1,2.02,开放申购,开放赎回,,,,
638,2021-02-08,2.1188,2.1188,,,1,1.54,开放申购,开放赎回,,,,
639,2021-02-05,2.0866,2.0866,,,1,0.18,开放申购,开放赎回,,,,
640,2021-02-04,2.0828,2.0828,,,1,-0.17,开放申购,开放赎回,,,,
641,2021-02-03,2.0863,2.0863,,,1,0.21,开放申购,开放赎回,,,,
642,2021-02-02,2.0819,2.0819,,,1,1.32,开放申购,开放赎回,,,,
643,2021-02-01,2.0548,2.0548,,,1,1.24,开放申购,开放赎回,,,,
644,2021-01-29,2.0296,2.0296,,,1,-0.42,开放申购,开放赎回,,,,
645,2021-01-28,2.0381,2.0381,,,1,-2.46,开放申购,开放赎回,,,,
646,2021-01-27,2.0896,2.0896,,,1,0.30,开放申购,开放赎回,,,,
647,2021-01-26,2.0833,2.0833,,,1,-2.03,开放申购,开放赎回,,,,
648,2021-01-25,2.1265,2.1265,,,1,1.02,开放申购,开放赎回,,,,
649,2021-01-22,2.1050,2.1050,,,1,-0.12,开放申购,开放赎回,,,,
650,2021-01-21,2.1075,2.1075,,,1,1.56,开放申购,开放赎回,,,,
651,2021-01-20,2.0751,2.0751,,,1,0.64,开放申购,开放赎回,,,,
652,2021-01-19,2.0619,2.0619,,,1,-1.30,开放申购,开放赎回,,,,
653,2021-01-18,2.0890,2.0890,,,1,1.41,开放申购,开放赎回,,,,
654,2021-01-15,2.0600,2.0600,,,1,-0.17,开放申购,开放赎回,,,,
655,2021-01-14,2.0635,2.0635,,,1,-1.96,开放申购,开放赎回,,,,
656,2021-01-13,2.1048,2.1048,,,1,-0.67,开放申购,开放赎回,,,,
657,2021-01-12,2.1189,2.1189,,,1,2.43,开放申购,开放赎回,,,,
658,2021-01-11,2.0686,2.0686,,,1,-0.80,开放申购,开放赎回,,,,
659,2021-01-08,2.0852,2.0852,,,1,-0.26,开放申购,开放赎回,,,,
660,2021-01-07,2.0907,2.0907,,,1,2.03,开放申购,开放赎回,,,,
661,2021-01-06,2.0491,2.0491,,,1,0.85,开放申购,开放赎回,,,,
662,2021-01-05,2.0319,2.0319,,,1,1.76,开放申购,开放赎回,,,,
663,2021-01-04,1.9967,1.9967,,,1,1.07,开放申购,开放赎回,,,,
664,2020-12-31,1.9756,1.9756,,,1,2.00,开放申购,开放赎回,,,,
665,2020-12-30,1.9369,1.9369,,,1,1.55,开放申购,开放赎回,,,,
666,2020-12-29,1.9073,1.9073,,,1,-0.52,开放申购,开放赎回,,,,
667,2020-12-28,1.9173,1.9173,,,1,0.69,开放申购,开放赎回,,,,
668,2020-12-25,1.9041,1.9041,,,1,0.86,开放申购,开放赎回,,,,
669,2020-12-24,1.8878,1.8878,,,1,0.14,开放申购,开放赎回,,,,
670,2020-12-23,1.8851,1.8851,,,1,0.65,开放申购,开放赎回,,,,
671,2020-12-22,1.8729,1.8729,,,1,-1.46,开放申购,开放赎回,,,,
672,2020-12-21,1.9006,1.9006,,,1,1.02,开放申购,开放赎回,,,,
673,2020-12-18,1.8815,1.8815,,,1,-0.28,开放申购,开放赎回,,,,
674,2020-12-17,1.8868,1.8868,,,1,1.10,开放申购,开放赎回,,,,
675,2020-12-16,1.8663,1.8663,,,1,0.39,开放申购,开放赎回,,,,
676,2020-12-15,1.8591,1.8591,,,1,0.36,开放申购,开放赎回,,,,
677,2020-12-14,1.8524,1.8524,,,1,0.92,开放申购,开放赎回,,,,
678,2020-12-11,1.8356,1.8356,,,1,-0.91,开放申购,开放赎回,,,,
679,2020-12-10,1.8524,1.8524,,,1,0.18,开放申购,开放赎回,,,,
680,2020-12-09,1.8491,1.8491,,,1,-1.16,开放申购,开放赎回,,,,
681,2020-12-08,1.8708,1.8708,,,1,-0.23,开放申购,开放赎回,,,,
682,2020-12-07,1.8752,1.8752,,,1,-0.60,开放申购,开放赎回,,,,
683,2020-12-04,1.8865,1.8865,,,1,0.30,开放申购,开放赎回,,,,
684,2020-12-03,1.8809,1.8809,,,1,0.05,开放申购,开放赎回,,,,
685,2020-12-02,1.8799,1.8799,,,1,-0.10,开放申购,开放赎回,,,,
686,2020-12-01,1.8818,1.8818,,,1,2.13,开放申购,开放赎回,,,,
687,2020-11-30,1.8425,1.8425,,,1,-0.37,开放申购,开放赎回,,,,
688,2020-11-27,1.8494,1.8494,,,1,1.10,开放申购,开放赎回,,,,
689,2020-11-26,1.8293,1.8293,,,1,0.21,开放申购,开放赎回,,,,
690,2020-11-25,1.8255,1.8255,,,1,-1.31,开放申购,开放赎回,,,,
691,2020-11-24,1.8497,1.8497,,,1,-0.67,开放申购,开放赎回,,,,
692,2020-11-23,1.8622,1.8622,,,1,1.12,开放申购,开放赎回,,,,
693,2020-11-20,1.8415,1.8415,,,1,0.21,开放申购,开放赎回,,,,
694,2020-11-19,1.8376,1.8376,,,1,0.63,开放申购,开放赎回,,,,
695,2020-11-18,1.8261,1.8261,,,1,-0.07,开放申购,开放赎回,,,,
696,2020-11-17,1.8274,1.8274,,,1,-0.19,开放申购,开放赎回,,,,
697,2020-11-16,1.8308,1.8308,,,1,0.90,开放申购,开放赎回,,,,
698,2020-11-13,1.8144,1.8144,,,1,-0.99,开放申购,开放赎回,,,,
699,2020-11-12,1.8326,1.8326,,,1,0.00,开放申购,开放赎回,,,,
700,2020-11-11,1.8326,1.8326,,,1,-0.89,开放申购,开放赎回,,,,
701,2020-11-10,1.8491,1.8491,,,1,-0.47,开放申购,开放赎回,,,,
702,2020-11-09,1.8579,1.8579,,,1,1.95,开放申购,开放赎回,,,,
703,2020-11-06,1.8223,1.8223,,,1,-0.48,开放申购,开放赎回,,,,
704,2020-11-05,1.8311,1.8311,,,1,1.47,开放申购,开放赎回,,,,
705,2020-11-04,1.8046,1.8046,,,1,0.60,开放申购,开放赎回,,,,
706,2020-11-03,1.7938,1.7938,,,1,1.00,开放申购,开放赎回,,,,
707,2020-11-02,1.7761,1.7761,,,1,0.44,开放申购,开放赎回,,,,
708,2020-10-30,1.7684,1.7684,,,1,-1.78,开放申购,开放赎回,,,,
709,2020-10-29,1.8004,1.8004,,,1,0.85,开放申购,开放赎回,,,,
710,2020-10-28,1.7853,1.7853,,,1,0.85,开放申购,开放赎回,,,,
711,2020-10-27,1.7702,1.7702,,,1,0.35,开放申购,开放赎回,,,,
712,2020-10-26,1.7640,1.7640,,,1,-0.64,开放申购,开放赎回,,,,
713,2020-10-23,1.7754,1.7754,,,1,-1.23,开放申购,开放赎回,,,,
714,2020-10-22,1.7975,1.7975,,,1,-0.32,开放申购,开放赎回,,,,
715,2020-10-21,1.8032,1.8032,,,1,-0.08,开放申购,开放赎回,,,,
716,2020-10-20,1.8046,1.8046,,,1,0.73,开放申购,开放赎回,,,,
717,2020-10-19,1.7915,1.7915,,,1,-0.73,开放申购,开放赎回,,,,
718,2020-10-16,1.8046,1.8046,,,1,-0.17,开放申购,开放赎回,,,,
719,2020-10-15,1.8077,1.8077,,,1,-0.16,开放申购,开放赎回,,,,
720,2020-10-14,1.8106,1.8106,,,1,-0.57,开放申购,开放赎回,,,,
721,2020-10-13,1.8209,1.8209,,,1,0.44,开放申购,开放赎回,,,,
722,2020-10-12,1.8129,1.8129,,,1,2.66,开放申购,开放赎回,,,,
723,2020-10-09,1.7660,1.7660,,,1,2.06,开放申购,开放赎回,,,,
724,2020-09-30,1.7304,1.7304,,,1,-0.02,开放申购,开放赎回,,,,
725,2020-09-29,1.7308,1.7308,,,1,0.23,开放申购,开放赎回,,,,
726,2020-09-28,1.7268,1.7268,,,1,0.17,开放申购,开放赎回,,,,
727,2020-09-25,1.7238,1.7238,,,1,0.29,开放申购,开放赎回,,,,
728,2020-09-24,1.7188,1.7188,,,1,-1.76,开放申购,开放赎回,,,,
729,2020-09-23,1.7496,1.7496,,,1,0.51,开放申购,开放赎回,,,,
730,2020-09-22,1.7407,1.7407,,,1,-0.84,开放申购,开放赎回,,,,
731,2020-09-21,1.7555,1.7555,,,1,-0.96,开放申购,开放赎回,,,,
732,2020-09-18,1.7726,1.7726,,,1,1.98,开放申购,开放赎回,,,,
733,2020-09-17,1.7381,1.7381,,,1,-0.21,开放申购,开放赎回,,,,
734,2020-09-16,1.7417,1.7417,,,1,-0.52,开放申购,开放赎回,,,,
735,2020-09-15,1.7508,1.7508,,,1,0.94,开放申购,开放赎回,,,,
736,2020-09-14,1.7345,1.7345,,,1,0.43,开放申购,开放赎回,,,,
737,2020-09-11,1.7271,1.7271,,,1,1.03,开放申购,开放赎回,,,,
738,2020-09-10,1.7095,1.7095,,,1,0.23,开放申购,开放赎回,,,,
739,2020-09-09,1.7056,1.7056,,,1,-2.28,开放申购,开放赎回,,,,
740,2020-09-08,1.7454,1.7454,,,1,0.72,开放申购,开放赎回,,,,
741,2020-09-07,1.7329,1.7329,,,1,-2.40,开放申购,开放赎回,,,,
742,2020-09-04,1.7755,1.7755,,,1,-0.92,开放申购,开放赎回,,,,
743,2020-09-03,1.7919,1.7919,,,1,-0.95,开放申购,开放赎回,,,,
744,2020-09-02,1.8090,1.8090,,,1,0.12,开放申购,开放赎回,,,,
745,2020-09-01,1.8068,1.8068,,,1,0.71,开放申购,开放赎回,,,,
746,2020-08-31,1.7941,1.7941,,,1,-0.59,开放申购,开放赎回,,,,
747,2020-08-28,1.8048,1.8048,,,1,2.49,开放申购,开放赎回,,,,
748,2020-08-27,1.7609,1.7609,,,1,0.62,开放申购,开放赎回,,,,
749,2020-08-26,1.7501,1.7501,,,1,-1.23,开放申购,开放赎回,,,,
750,2020-08-25,1.7719,1.7719,,,1,0.27,开放申购,开放赎回,,,,
751,2020-08-24,1.7671,1.7671,,,1,1.43,开放申购,开放赎回,,,,
752,2020-08-21,1.7422,1.7422,,,1,1.03,开放申购,开放赎回,,,,
753,2020-08-20,1.7245,1.7245,,,1,-1.26,开放申购,开放赎回,,,,
754,2020-08-19,1.7465,1.7465,,,1,-1.23,开放申购,开放赎回,,,,
755,2020-08-18,1.7683,1.7683,,,1,0.20,开放申购,开放赎回,,,,
756,2020-08-17,1.7648,1.7648,,,1,2.20,开放申购,开放赎回,,,,
757,2020-08-14,1.7268,1.7268,,,1,1.80,开放申购,开放赎回,,,,
758,2020-08-13,1.6963,1.6963,,,1,-0.30,开放申购,开放赎回,,,,
759,2020-08-12,1.7014,1.7014,,,1,-0.71,开放申购,开放赎回,,,,
760,2020-08-11,1.7136,1.7136,,,1,-0.78,开放申购,开放赎回,,,,
761,2020-08-10,1.7271,1.7271,,,1,0.62,开放申购,开放赎回,,,,
762,2020-08-07,1.7164,1.7164,,,1,-1.23,开放申购,开放赎回,,,,
763,2020-08-06,1.7378,1.7378,,,1,-0.03,开放申购,开放赎回,,,,
764,2020-08-05,1.7384,1.7384,,,1,0.13,开放申购,开放赎回,,,,
765,2020-08-04,1.7361,1.7361,,,1,0.34,开放申购,开放赎回,,,,
766,2020-08-03,1.7302,1.7302,,,1,1.57,开放申购,开放赎回,,,,
767,2020-07-31,1.7034,1.7034,,,1,1.03,开放申购,开放赎回,,,,
768,2020-07-30,1.6861,1.6861,,,1,-0.71,开放申购,开放赎回,,,,
769,2020-07-29,1.6982,1.6982,,,1,2.49,开放申购,开放赎回,,,,
770,2020-07-28,1.6569,1.6569,,,1,1.08,开放申购,开放赎回,,,,
771,2020-07-27,1.6392,1.6392,,,1,0.12,开放申购,开放赎回,,,,
772,2020-07-24,1.6372,1.6372,,,1,-4.61,开放申购,开放赎回,,,,
773,2020-07-23,1.7164,1.7164,,,1,0.01,开放申购,开放赎回,,,,
774,2020-07-22,1.7162,1.7162,,,1,0.31,开放申购,开放赎回,,,,
775,2020-07-21,1.7109,1.7109,,,1,0.28,开放申购,开放赎回,,,,
776,2020-07-20,1.7061,1.7061,,,1,3.33,开放申购,开放赎回,,,,
777,2020-07-17,1.6511,1.6511,,,1,0.94,开放申购,开放赎回,,,,
778,2020-07-16,1.6358,1.6358,,,1,-3.92,开放申购,开放赎回,,,,
779,2020-07-15,1.7026,1.7026,,,1,-0.80,开放申购,开放赎回,,,,
780,2020-07-14,1.7164,1.7164,,,1,-0.80,开放申购,开放赎回,,,,
781,2020-07-13,1.7302,1.7302,,,1,2.08,开放申购,开放赎回,,,,
782,2020-07-10,1.6949,1.6949,,,1,-1.36,开放申购,开放赎回,,,,
783,2020-07-09,1.7182,1.7182,,,1,1.67,开放申购,开放赎回,,,,
784,2020-07-08,1.6900,1.6900,,,1,1.58,开放申购,开放赎回,,,,
785,2020-07-07,1.6637,1.6637,,,1,1.02,开放申购,开放赎回,,,,
786,2020-07-06,1.6469,1.6469,,,1,4.92,开放申购,开放赎回,,,,
787,2020-07-03,1.5696,1.5696,,,1,1.15,开放申购,开放赎回,,,,
788,2020-07-02,1.5517,1.5517,,,1,1.60,开放申购,开放赎回,,,,
789,2020-07-01,1.5273,1.5273,,,1,1.98,开放申购,开放赎回,,,,
790,2020-06-30,1.4976,1.4976,,,1,1.80,开放申购,开放赎回,,,,
791,2020-06-29,1.4711,1.4711,,,1,-0.43,开放申购,开放赎回,,,,
792,2020-06-24,1.4774,1.4774,,,1,0.80,开放申购,开放赎回,,,,
793,2020-06-23,1.4657,1.4657,,,1,0.87,开放申购,开放赎回,,,,
794,2020-06-22,1.4531,1.4531,,,1,0.41,开放申购,开放赎回,,,,
795,2020-06-19,1.4472,1.4472,,,1,1.73,开放申购,开放赎回,,,,
796,2020-06-18,1.4226,1.4226,,,1,0.64,开放申购,开放赎回,,,,
797,2020-06-17,1.4136,1.4136,,,1,0.11,开放申购,开放赎回,,,,
798,2020-06-16,1.4120,1.4120,,,1,1.46,开放申购,开放赎回,,,,
799,2020-06-15,1.3917,1.3917,,,1,-1.16,开放申购,开放赎回,,,,
800,2020-06-12,1.4081,1.4081,,,1,0.44,开放申购,开放赎回,,,,
801,2020-06-11,1.4019,1.4019,,,1,-0.84,开放申购,开放赎回,,,,
802,2020-06-10,1.4138,1.4138,,,1,0.20,开放申购,开放赎回,,,,
803,2020-06-09,1.4110,1.4110,,,1,0.92,开放申购,开放赎回,,,,
804,2020-06-08,1.3981,1.3981,,,1,0.34,开放申购,开放赎回,,,,
805,2020-06-05,1.3934,1.3934,,,1,0.31,开放申购,开放赎回,,,,
806,2020-06-04,1.3891,1.3891,,,1,-0.09,开放申购,开放赎回,,,,
807,2020-06-03,1.3904,1.3904,,,1,0.42,开放申购,开放赎回,,,,
808,2020-06-02,1.3846,1.3846,,,1,0.30,开放申购,开放赎回,,,,
809,2020-06-01,1.3805,1.3805,,,1,2.77,开放申购,开放赎回,,,,
810,2020-05-29,1.3433,1.3433,,,1,0.42,开放申购,开放赎回,,,,
811,2020-05-28,1.3377,1.3377,,,1,0.18,开放申购,开放赎回,,,,
812,2020-05-27,1.3353,1.3353,,,1,-0.85,开放申购,开放赎回,,,,
813,2020-05-26,1.3467,1.3467,,,1,1.23,开放申购,开放赎回,,,,
814,2020-05-25,1.3304,1.3304,,,1,0.38,开放申购,开放赎回,,,,
815,2020-05-22,1.3253,1.3253,,,1,-2.15,开放申购,开放赎回,,,,
816,2020-05-21,1.3544,1.3544,,,1,-0.61,开放申购,开放赎回,,,,
817,2020-05-20,1.3627,1.3627,,,1,-0.57,开放申购,开放赎回,,,,
818,2020-05-19,1.3705,1.3705,,,1,0.89,开放申购,开放赎回,,,,
819,2020-05-18,1.3584,1.3584,,,1,0.09,开放申购,开放赎回,,,,
820,2020-05-15,1.3572,1.3572,,,1,-0.32,开放申购,开放赎回,,,,
821,2020-05-14,1.3615,1.3615,,,1,-1.08,开放申购,开放赎回,,,,
822,2020-05-13,1.3764,1.3764,,,1,0.21,开放申购,开放赎回,,,,
823,2020-05-12,1.3735,1.3735,,,1,0.18,开放申购,开放赎回,,,,
824,2020-05-11,1.3710,1.3710,,,1,0.02,开放申购,开放赎回,,,,
825,2020-05-08,1.3707,1.3707,,,1,0.85,开放申购,开放赎回,,,,
826,2020-05-07,1.3591,1.3591,,,1,-0.09,开放申购,开放赎回,,,,
827,2020-05-06,1.3603,1.3603,,,1,0.52,开放申购,开放赎回,,,,
828,2020-04-30,1.3532,1.3532,,,1,0.83,开放申购,开放赎回,,,,
829,2020-04-29,1.3420,1.3420,,,1,0.24,开放申购,开放赎回,,,,
830,2020-04-28,1.3388,1.3388,,,1,0.81,开放申购,开放赎回,,,,
831,2020-04-27,1.3280,1.3280,,,1,0.71,开放申购,开放赎回,,,,
832,2020-04-24,1.3187,1.3187,,,1,-0.52,开放申购,开放赎回,,,,
833,2020-04-23,1.3256,1.3256,,,1,-0.17,限制大额申购,开放赎回,,,,
834,2020-04-22,1.3278,1.3278,,,1,0.69,限制大额申购,开放赎回,,,,
835,2020-04-21,1.3187,1.3187,,,1,-1.09,限制大额申购,开放赎回,,,,
836,2020-04-20,1.3332,1.3332,,,1,0.25,限制大额申购,开放赎回,,,,
837,2020-04-17,1.3299,1.3299,,,1,0.75,限制大额申购,开放赎回,,,,
838,2020-04-16,1.3200,1.3200,,,1,0.19,限制大额申购,开放赎回,,,,
839,2020-04-15,1.3175,1.3175,,,1,-0.60,限制大额申购,开放赎回,,,,
840,2020-04-14,1.3255,1.3255,,,1,1.99,限制大额申购,开放赎回,,,,
841,2020-04-13,1.2996,1.2996,,,1,-0.49,限制大额申购,开放赎回,,,,
842,2020-04-10,1.3060,1.3060,,,1,-0.65,限制大额申购,开放赎回,,,,
843,2020-04-09,1.3145,1.3145,,,1,0.37,限制大额申购,开放赎回,,,,
844,2020-04-08,1.3097,1.3097,,,1,-0.14,限制大额申购,开放赎回,,,,
845,2020-04-07,1.3115,1.3115,,,1,2.18,限制大额申购,开放赎回,,,,
846,2020-04-03,1.2835,1.2835,,,1,-0.38,限制大额申购,开放赎回,,,,
847,2020-04-02,1.2884,1.2884,,,1,1.56,限制大额申购,开放赎回,,,,
848,2020-04-01,1.2686,1.2686,,,1,-0.21,限制大额申购,开放赎回,,,,
849,2020-03-31,1.2713,1.2713,,,1,-0.05,限制大额申购,开放赎回,,,,
850,2020-03-30,1.2719,1.2719,,,1,-0.87,限制大额申购,开放赎回,,,,
851,2020-03-27,1.2830,1.2830,,,1,0.27,限制大额申购,开放赎回,,,,
852,2020-03-26,1.2795,1.2795,,,1,-0.58,限制大额申购,开放赎回,,,,
853,2020-03-25,1.2869,1.2869,,,1,2.64,限制大额申购,开放赎回,,,,
854,2020-03-24,1.2538,1.2538,,,1,2.54,限制大额申购,开放赎回,,,,
855,2020-03-23,1.2228,1.2228,,,1,-3.23,限制大额申购,开放赎回,,,,
856,2020-03-20,1.2636,1.2636,,,1,1.73,限制大额申购,开放赎回,,,,
857,2020-03-19,1.2421,1.2421,,,1,-1.01,限制大额申购,开放赎回,,,,
858,2020-03-18,1.2548,1.2548,,,1,-1.68,限制大额申购,开放赎回,,,,
859,2020-03-17,1.2763,1.2763,,,1,-0.17,限制大额申购,开放赎回,,,,
860,2020-03-16,1.2785,1.2785,,,1,-4.13,限制大额申购,开放赎回,,,,
861,2020-03-13,1.3336,1.3336,,,1,-1.15,限制大额申购,开放赎回,,,,
862,2020-03-12,1.3491,1.3491,,,1,-1.85,限制大额申购,开放赎回,,,,
863,2020-03-11,1.3745,1.3745,,,1,-1.12,限制大额申购,开放赎回,,,,
864,2020-03-10,1.3901,1.3901,,,1,2.09,限制大额申购,开放赎回,,,,
865,2020-03-09,1.3617,1.3617,,,1,-3.36,限制大额申购,开放赎回,,,,
866,2020-03-06,1.4090,1.4090,,,1,-1.64,限制大额申购,开放赎回,,,,
867,2020-03-05,1.4325,1.4325,,,1,2.22,限制大额申购,开放赎回,,,,
868,2020-03-04,1.4014,1.4014,,,1,0.72,限制大额申购,开放赎回,,,,
869,2020-03-03,1.3914,1.3914,,,1,0.59,限制大额申购,开放赎回,,,,
870,2020-03-02,1.3832,1.3832,,,1,3.13,限制大额申购,开放赎回,,,,
871,2020-02-28,1.3412,1.3412,,,1,-3.50,限制大额申购,开放赎回,,,,
872,2020-02-27,1.3898,1.3898,,,1,0.37,限制大额申购,开放赎回,,,,
873,2020-02-26,1.3847,1.3847,,,1,-0.95,限制大额申购,开放赎回,,,,
874,2020-02-25,1.3980,1.3980,,,1,-0.71,限制大额申购,开放赎回,,,,
875,2020-02-24,1.4080,1.4080,,,1,-0.49,限制大额申购,开放赎回,,,,
876,2020-02-21,1.4149,1.4149,,,1,0.72,限制大额申购,开放赎回,,,,
877,2020-02-20,1.4048,1.4048,,,1,1.67,限制大额申购,开放赎回,,,,
878,2020-02-19,1.3817,1.3817,,,1,0.07,限制大额申购,开放赎回,,,,
879,2020-02-18,1.3807,1.3807,,,1,-0.57,限制大额申购,开放赎回,,,,
880,2020-02-17,1.3886,1.3886,,,1,2.36,限制大额申购,开放赎回,,,,
881,2020-02-14,1.3566,1.3566,,,1,0.65,限制大额申购,开放赎回,,,,
882,2020-02-13,1.3479,1.3479,,,1,-0.48,限制大额申购,开放赎回,,,,
883,2020-02-12,1.3544,1.3544,,,1,1.12,限制大额申购,开放赎回,,,,
884,2020-02-11,1.3394,1.3394,,,1,1.16,限制大额申购,开放赎回,,,,
885,2020-02-10,1.3240,1.3240,,,1,0.12,限制大额申购,开放赎回,,,,
886,2020-02-07,1.3224,1.3224,,,1,0.24,限制大额申购,开放赎回,,,,
887,2020-02-06,1.3193,1.3193,,,1,1.96,限制大额申购,开放赎回,,,,
888,2020-02-05,1.2939,1.2939,,,1,1.38,限制大额申购,开放赎回,,,,
889,2020-02-04,1.2763,1.2763,,,1,2.51,限制大额申购,开放赎回,,,,
890,2020-02-03,1.2450,1.2450,,,1,-7.49,限制大额申购,开放赎回,,,,
891,2020-01-23,1.3458,1.3458,,,1,-2.89,限制大额申购,开放赎回,,,,
892,2020-01-22,1.3859,1.3859,,,1,0.70,限制大额申购,开放赎回,,,,
893,2020-01-21,1.3763,1.3763,,,1,-1.69,限制大额申购,开放赎回,,,,
894,2020-01-20,1.4000,1.4000,,,1,0.85,限制大额申购,开放赎回,,,,
895,2020-01-17,1.3882,1.3882,,,1,0.28,限制大额申购,开放赎回,,,,
896,2020-01-16,1.3843,1.3843,,,1,-0.31,限制大额申购,开放赎回,,,,
897,2020-01-15,1.3886,1.3886,,,1,-0.36,限制大额申购,开放赎回,,,,
898,2020-01-14,1.3936,1.3936,,,1,-0.36,限制大额申购,开放赎回,,,,
899,2020-01-13,1.3986,1.3986,,,1,0.86,限制大额申购,开放赎回,,,,
900,2020-01-10,1.3867,1.3867,,,1,0.08,限制大额申购,开放赎回,,,,
901,2020-01-09,1.3856,1.3856,,,1,1.37,限制大额申购,开放赎回,,,,
902,2020-01-08,1.3669,1.3669,,,1,-1.11,限制大额申购,开放赎回,,,,
903,2020-01-07,1.3822,1.3822,,,1,0.91,限制大额申购,开放赎回,,,,
904,2020-01-06,1.3697,1.3697,,,1,-0.45,限制大额申购,开放赎回,,,,
905,2020-01-03,1.3759,1.3759,,,1,-0.02,限制大额申购,开放赎回,,,,
906,2020-01-02,1.3762,1.3762,,,1,1.59,限制大额申购,开放赎回,,,,
907,2019-12-31,1.3546,1.3546,,,1,0.42,限制大额申购,开放赎回,,,,
908,2019-12-30,1.3489,1.3489,,,1,1.34,限制大额申购,开放赎回,,,,
909,2019-12-27,1.3311,1.3311,,,1,-0.09,限制大额申购,开放赎回,,,,
910,2019-12-26,1.3323,1.3323,,,1,0.76,限制大额申购,开放赎回,,,,
911,2019-12-25,1.3222,1.3222,,,1,0.20,限制大额申购,开放赎回,,,,
912,2019-12-24,1.3195,1.3195,,,1,0.77,限制大额申购,开放赎回,,,,
913,2019-12-23,1.3094,1.3094,,,1,-1.22,限制大额申购,开放赎回,,,,
914,2019-12-20,1.3256,1.3256,,,1,-0.24,限制大额申购,开放赎回,,,,
915,2019-12-19,1.3288,1.3288,,,1,-0.22,限制大额申购,开放赎回,,,,
916,2019-12-18,1.3317,1.3317,,,1,0.08,限制大额申购,开放赎回,,,,
917,2019-12-17,1.3306,1.3306,,,1,1.09,限制大额申购,开放赎回,,,,
918,2019-12-16,1.3162,1.3162,,,1,0.48,限制大额申购,开放赎回,,,,
919,2019-12-13,1.3099,1.3099,,,1,2.21,限制大额申购,开放赎回,,,,
920,2019-12-12,1.2816,1.2816,,,1,-0.47,限制大额申购,开放赎回,,,,
921,2019-12-11,1.2876,1.2876,,,1,0.42,限制大额申购,开放赎回,,,,
922,2019-12-10,1.2822,1.2822,,,1,0.11,限制大额申购,开放赎回,,,,
923,2019-12-09,1.2808,1.2808,,,1,-0.01,限制大额申购,开放赎回,,,,
924,2019-12-06,1.2809,1.2809,,,1,0.55,限制大额申购,开放赎回,,,,
925,2019-12-05,1.2739,1.2739,,,1,0.43,限制大额申购,开放赎回,,,,
926,2019-12-04,1.2684,1.2684,,,1,-0.37,限制大额申购,开放赎回,,,,
927,2019-12-03,1.2731,1.2731,,,1,0.31,限制大额申购,开放赎回,,,,
928,2019-12-02,1.2692,1.2692,,,1,0.12,限制大额申购,开放赎回,,,,
929,2019-11-29,1.2677,1.2677,,,1,-0.77,限制大额申购,开放赎回,,,,
930,2019-11-28,1.2776,1.2776,,,1,-0.25,限制大额申购,开放赎回,,,,
931,2019-11-27,1.2808,1.2808,,,1,-0.42,限制大额申购,开放赎回,,,,
932,2019-11-26,1.2862,1.2862,,,1,0.15,限制大额申购,开放赎回,,,,
933,2019-11-25,1.2843,1.2843,,,1,0.82,限制大额申购,开放赎回,,,,
934,2019-11-22,1.2739,1.2739,,,1,-0.88,限制大额申购,开放赎回,,,,
935,2019-11-21,1.2852,1.2852,,,1,-0.36,限制大额申购,开放赎回,,,,
936,2019-11-20,1.2899,1.2899,,,1,-0.85,限制大额申购,开放赎回,,,,
937,2019-11-19,1.3010,1.3010,,,1,0.92,限制大额申购,开放赎回,,,,
938,2019-11-18,1.2891,1.2891,,,1,0.78,限制大额申购,开放赎回,,,,
939,2019-11-15,1.2791,1.2791,,,1,-0.56,限制大额申购,开放赎回,,,,
940,2019-11-14,1.2863,1.2863,,,1,0.17,限制大额申购,开放赎回,,,,
941,2019-11-13,1.2841,1.2841,,,1,0.02,限制大额申购,开放赎回,,,,
942,2019-11-12,1.2838,1.2838,,,1,0.10,限制大额申购,开放赎回,,,,
943,2019-11-11,1.2825,1.2825,,,1,-1.69,限制大额申购,开放赎回,,,,
944,2019-11-08,1.3046,1.3046,,,1,-0.50,限制大额申购,开放赎回,,,,
945,2019-11-07,1.3111,1.3111,,,1,0.35,限制大额申购,开放赎回,,,,
946,2019-11-06,1.3065,1.3065,,,1,-0.32,限制大额申购,开放赎回,,,,
947,2019-11-05,1.3107,1.3107,,,1,0.51,开放申购,开放赎回,,,,
948,2019-11-04,1.3040,1.3040,,,1,0.57,开放申购,开放赎回,,,,
949,2019-11-01,1.2966,1.2966,,,1,1.81,开放申购,开放赎回,,,,
950,2019-10-31,1.2735,1.2735,,,1,0.12,开放申购,开放赎回,,,,
951,2019-10-30,1.2720,1.2720,,,1,-0.36,开放申购,开放赎回,,,,
952,2019-10-29,1.2766,1.2766,,,1,-0.41,开放申购,开放赎回,,,,
953,2019-10-28,1.2818,1.2818,,,1,0.90,开放申购,开放赎回,,,,
954,2019-10-25,1.2704,1.2704,,,1,0.32,开放申购,开放赎回,,,,
955,2019-10-24,1.2664,1.2664,,,1,-0.13,开放申购,开放赎回,,,,
956,2019-10-23,1.2681,1.2681,,,1,-0.61,开放申购,开放赎回,,,,
957,2019-10-22,1.2759,1.2759,,,1,0.28,开放申购,开放赎回,,,,
958,2019-10-21,1.2723,1.2723,,,1,0.35,开放申购,开放赎回,,,,
959,2019-10-18,1.2679,1.2679,,,1,-1.45,开放申购,开放赎回,,,,
960,2019-10-17,1.2866,1.2866,,,1,-0.02,开放申购,开放赎回,,,,
961,2019-10-16,1.2868,1.2868,,,1,-0.36,开放申购,开放赎回,,,,
962,2019-10-15,1.2914,1.2914,,,1,-0.22,开放申购,开放赎回,,,,
963,2019-10-14,1.2943,1.2943,,,1,1.11,开放申购,开放赎回,,,,
964,2019-10-11,1.2801,1.2801,,,1,0.91,开放申购,开放赎回,,,,
965,2019-10-10,1.2685,1.2685,,,1,0.58,开放申购,开放赎回,,,,
966,2019-10-09,1.2612,1.2612,,,1,0.16,开放申购,开放赎回,,,,
967,2019-10-08,1.2592,1.2592,,,1,0.77,开放申购,开放赎回,,,,
968,2019-09-30,1.2496,1.2496,,,1,-0.45,开放申购,开放赎回,,,,
969,2019-09-27,1.2552,1.2552,,,1,0.19,开放申购,开放赎回,,,,
970,2019-09-26,1.2528,1.2528,,,1,-0.45,开放申购,开放赎回,,,,
971,2019-09-25,1.2585,1.2585,,,1,-0.94,开放申购,开放赎回,,,,
972,2019-09-24,1.2704,1.2704,,,1,-0.02,开放申购,开放赎回,,,,
973,2019-09-23,1.2707,1.2707,,,1,-1.17,开放申购,开放赎回,,,,
974,2019-09-20,1.2857,1.2857,,,1,0.19,开放申购,开放赎回,,,,
975,2019-09-19,1.2833,1.2833,,,1,0.25,开放申购,开放赎回,,,,
976,2019-09-18,1.2801,1.2801,,,1,0.31,开放申购,开放赎回,,,,
977,2019-09-17,1.2762,1.2762,,,1,-1.54,开放申购,开放赎回,,,,
978,2019-09-16,1.2962,1.2962,,,1,-0.54,开放申购,开放赎回,,,,
979,2019-09-12,1.3032,1.3032,,,1,0.91,开放申购,开放赎回,,,,
980,2019-09-11,1.2915,1.2915,,,1,-0.20,开放申购,开放赎回,,,,
981,2019-09-10,1.2941,1.2941,,,1,-0.22,开放申购,开放赎回,,,,
982,2019-09-09,1.2970,1.2970,,,1,0.45,开放申购,开放赎回,,,,
983,2019-09-06,1.2912,1.2912,,,1,0.72,开放申购,开放赎回,,,,
984,2019-09-05,1.2820,1.2820,,,1,0.87,开放申购,开放赎回,,,,
985,2019-09-04,1.2709,1.2709,,,1,1.31,开放申购,开放赎回,,,,
986,2019-09-03,1.2545,1.2545,,,1,-0.03,开放申购,开放赎回,,,,
987,2019-09-02,1.2549,1.2549,,,1,1.22,开放申购,开放赎回,,,,
988,2019-08-30,1.2398,1.2398,,,1,0.02,开放申购,开放赎回,,,,
989,2019-08-29,1.2396,1.2396,,,1,-0.58,开放申购,开放赎回,,,,
990,2019-08-28,1.2468,1.2468,,,1,-0.32,开放申购,开放赎回,,,,
991,2019-08-27,1.2508,1.2508,,,1,1.21,开放申购,开放赎回,,,,
992,2019-08-26,1.2358,1.2358,,,1,-1.22,开放申购,开放赎回,,,,
993,2019-08-23,1.2510,1.2510,,,1,0.50,开放申购,开放赎回,,,,
994,2019-08-22,1.2448,1.2448,,,1,0.23,开放申购,开放赎回,,,,
995,2019-08-21,1.2419,1.2419,,,1,-0.33,开放申购,开放赎回,,,,
996,2019-08-20,1.2460,1.2460,,,1,-0.06,开放申购,开放赎回,,,,
997,2019-08-19,1.2467,1.2467,,,1,2.01,开放申购,开放赎回,,,,
998,2019-08-16,1.2221,1.2221,,,1,0.36,开放申购,开放赎回,,,,
999,2019-08-15,1.2177,1.2177,,,1,0.16,开放申购,开放赎回,,,,
1000,2019-08-14,1.2157,1.2157,,,1,0.33,开放申购,开放赎回,,,,
1001,2019-08-13,1.2117,1.2117,,,1,-0.87,开放申购,开放赎回,,,,
1002,2019-08-12,1.2223,1.2223,,,1,1.34,开放申购,开放赎回,,,,
1003,2019-08-09,1.2061,1.2061,,,1,-0.72,开放申购,开放赎回,,,,
1004,2019-08-08,1.2149,1.2149,,,1,0.92,开放申购,开放赎回,,,,
1005,2019-08-07,1.2038,1.2038,,,1,-0.36,开放申购,开放赎回,,,,
1006,2019-08-06,1.2082,1.2082,,,1,-1.11,开放申购,开放赎回,,,,
1007,2019-08-05,1.2217,1.2217,,,1,-1.92,开放申购,开放赎回,,,,
1008,2019-08-02,1.2456,1.2456,,,1,-1.42,开放申购,开放赎回,,,,
1009,2019-08-01,1.2636,1.2636,,,1,0.91,开放申购,开放赎回,,,,
1010,2019-07-31,1.2522,1.2522,,,1,-0.97,开放申购,开放赎回,,,,
1011,2019-07-30,1.2645,1.2645,,,1,0.55,开放申购,开放赎回,,,,
1012,2019-07-29,1.2576,1.2576,,,1,0.18,开放申购,开放赎回,,,,
1013,2019-07-26,1.2554,1.2554,,,1,0.26,开放申购,开放赎回,,,,
1014,2019-07-25,1.2521,1.2521,,,1,0.55,开放申购,开放赎回,,,,
1015,2019-07-24,1.2453,1.2453,,,1,0.64,开放申购,开放赎回,,,,
1016,2019-07-23,1.2374,1.2374,,,1,0.16,开放申购,开放赎回,,,,
1017,2019-07-22,1.2354,1.2354,,,1,-0.54,开放申购,开放赎回,,,,
1018,2019-07-19,1.2421,1.2421,,,1,0.89,开放申购,开放赎回,,,,
1019,2019-07-18,1.2311,1.2311,,,1,-0.78,开放申购,开放赎回,,,,
1020,2019-07-17,1.2408,1.2408,,,1,-0.13,开放申购,开放赎回,,,,
1021,2019-07-16,1.2424,1.2424,,,1,-0.30,开放申购,开放赎回,,,,
1022,2019-07-15,1.2461,1.2461,,,1,0.31,开放申购,开放赎回,,,,
1023,2019-07-12,1.2422,1.2422,,,1,0.85,开放申购,开放赎回,,,,
1024,2019-07-11,1.2317,1.2317,,,1,0.10,开放申购,开放赎回,,,,
1025,2019-07-10,1.2305,1.2305,,,1,-0.26,开放申购,开放赎回,,,,
1026,2019-07-09,1.2337,1.2337,,,1,-0.10,开放申购,开放赎回,,,,
1027,2019-07-08,1.2349,1.2349,,,1,-2.13,开放申购,开放赎回,,,,
1028,2019-07-05,1.2618,1.2618,,,1,0.33,开放申购,开放赎回,,,,
1029,2019-07-04,1.2576,1.2576,,,1,-0.32,开放申购,开放赎回,,,,
1030,2019-07-03,1.2616,1.2616,,,1,-0.67,开放申购,开放赎回,,,,
1031,2019-07-02,1.2701,1.2701,,,1,0.06,开放申购,开放赎回,,,,
1032,2019-07-01,1.2694,1.2694,,,1,2.11,开放申购,开放赎回,,,,
1033,2019-06-30,1.2431,1.2431,,,0,,开放申购,开放赎回,,,,
1034,2019-06-28,1.2432,1.2432,,,1,-0.06,开放申购,开放赎回,,,,
1035,2019-06-27,1.2439,1.2439,,,1,0.82,开放申购,开放赎回,,,,
1036,2019-06-26,1.2338,1.2338,,,1,-0.03,开放申购,开放赎回,,,,
1037,2019-06-25,1.2342,1.2342,,,1,-0.90,开放申购,开放赎回,,,,
1038,2019-06-24,1.2454,1.2454,,,1,0.13,开放申购,开放赎回,,,,
1039,2019-06-21,1.2438,1.2438,,,1,0.21,开放申购,开放赎回,,,,
1040,2019-06-20,1.2412,1.2412,,,1,2.74,开放申购,开放赎回,,,,
1041,2019-06-19,1.2081,1.2081,,,1,1.24,开放申购,开放赎回,,,,
1042,2019-06-18,1.1933,1.1933,,,1,0.22,开放申购,开放赎回,,,,
1043,2019-06-17,1.1907,1.1907,,,1,0.17,开放申购,开放赎回,,,,
1044,2019-06-14,1.1887,1.1887,,,1,-0.74,开放申购,开放赎回,,,,
1045,2019-06-13,1.1976,1.1976,,,1,-0.07,开放申购,开放赎回,,,,
1046,2019-06-12,1.1984,1.1984,,,1,-0.55,开放申购,开放赎回,,,,
1047,2019-06-11,1.2050,1.2050,,,1,2.78,开放申购,开放赎回,,,,
1048,2019-06-10,1.1724,1.1724,,,1,1.05,开放申购,开放赎回,,,,
1049,2019-06-06,1.1602,1.1602,,,1,-0.56,开放申购,开放赎回,,,,
1050,2019-06-05,1.1667,1.1667,,,1,-0.07,开放申购,开放赎回,,,,
1051,2019-06-04,1.1675,1.1675,,,1,-0.73,开放申购,开放赎回,,,,
1052,2019-06-03,1.1761,1.1761,,,1,-0.03,开放申购,开放赎回,,,,
1053,2019-05-31,1.1764,1.1764,,,1,-0.13,开放申购,开放赎回,,,,
1054,2019-05-30,1.1779,1.1779,,,1,-0.55,开放申购,开放赎回,,,,
1055,2019-05-29,1.1844,1.1844,,,1,-0.39,开放申购,开放赎回,,,,
1056,2019-05-28,1.1890,1.1890,,,1,0.76,开放申购,开放赎回,,,,
1057,2019-05-27,1.1800,1.1800,,,1,0.92,开放申购,开放赎回,,,,
1058,2019-05-24,1.1693,1.1693,,,1,0.28,开放申购,开放赎回,,,,
1059,2019-05-23,1.1660,1.1660,,,1,-1.26,开放申购,开放赎回,,,,
1060,2019-05-22,1.1809,1.1809,,,1,-0.41,开放申购,开放赎回,,,,
1061,2019-05-21,1.1858,1.1858,,,1,1.10,开放申购,开放赎回,,,,
1062,2019-05-20,1.1729,1.1729,,,1,-0.84,开放申购,开放赎回,,,,
1063,2019-05-17,1.1828,1.1828,,,1,-2.39,开放申购,开放赎回,,,,
1064,2019-05-16,1.2117,1.2117,,,1,0.66,开放申购,开放赎回,,,,
1065,2019-05-15,1.2038,1.2038,,,1,2.07,开放申购,开放赎回,,,,
1066,2019-05-14,1.1794,1.1794,,,1,-0.62,开放申购,开放赎回,,,,
1067,2019-05-13,1.1867,1.1867,,,1,-1.40,开放申购,开放赎回,,,,
1068,2019-05-10,1.2036,1.2036,,,1,3.00,开放申购,开放赎回,,,,
1069,2019-05-09,1.1686,1.1686,,,1,-1.79,开放申购,开放赎回,,,,
1070,2019-05-08,1.1899,1.1899,,,1,-1.19,开放申购,开放赎回,,,,
1071,2019-05-07,1.2042,1.2042,,,1,0.98,开放申购,开放赎回,,,,
1072,2019-05-06,1.1925,1.1925,,,1,-5.11,开放申购,开放赎回,,,,
1073,2019-04-30,1.2567,1.2567,,,1,0.35,开放申购,开放赎回,,,,
1074,2019-04-29,1.2523,1.2523,,,1,0.41,开放申购,开放赎回,,,,
1075,2019-04-26,1.2472,1.2472,,,1,-1.10,开放申购,开放赎回,,,,
1076,2019-04-25,1.2611,1.2611,,,1,-1.82,开放申购,开放赎回,,,,
1077,2019-04-24,1.2845,1.2845,,,1,0.14,开放申购,开放赎回,,,,
1078,2019-04-23,1.2827,1.2827,,,1,0.09,开放申购,开放赎回,,,,
1079,2019-04-22,1.2815,1.2815,,,1,-2.25,开放申购,开放赎回,,,,
1080,2019-04-19,1.3110,1.3110,,,1,0.86,开放申购,开放赎回,,,,
1081,2019-04-18,1.2998,1.2998,,,1,-0.47,开放申购,开放赎回,,,,
1082,2019-04-17,1.3060,1.3060,,,1,-0.33,开放申购,开放赎回,,,,
1083,2019-04-16,1.3103,1.3103,,,1,2.50,开放申购,开放赎回,,,,
1084,2019-04-15,1.2783,1.2783,,,1,-0.37,开放申购,开放赎回,,,,
1085,2019-04-12,1.2831,1.2831,,,1,-0.01,开放申购,开放赎回,,,,
1086,2019-04-11,1.2832,1.2832,,,1,-1.93,开放申购,开放赎回,,,,
1087,2019-04-10,1.3084,1.3084,,,1,0.52,开放申购,开放赎回,,,,
1088,2019-04-09,1.3016,1.3016,,,1,0.74,开放申购,开放赎回,,,,
1089,2019-04-08,1.2921,1.2921,,,1,0.26,开放申购,开放赎回,,,,
1090,2019-04-04,1.2887,1.2887,,,1,0.85,开放申购,开放赎回,,,,
1091,2019-04-03,1.2779,1.2779,,,1,1.50,开放申购,开放赎回,,,,
1092,2019-04-02,1.2590,1.2590,,,1,-0.05,开放申购,开放赎回,,,,
1093,2019-04-01,1.2596,1.2596,,,1,2.32,开放申购,开放赎回,,,,
1094,2019-03-29,1.2310,1.2310,,,1,3.52,开放申购,开放赎回,,,,
1095,2019-03-28,1.1892,1.1892,,,1,-0.52,开放申购,开放赎回,,,,
1096,2019-03-27,1.1954,1.1954,,,1,1.29,开放申购,开放赎回,,,,
1097,2019-03-26,1.1802,1.1802,,,1,-1.16,开放申购,开放赎回,,,,
1098,2019-03-25,1.1940,1.1940,,,1,-2.10,开放申购,开放赎回,,,,
1099,2019-03-22,1.2196,1.2196,,,1,0.12,开放申购,开放赎回,,,,
1100,2019-03-21,1.2181,1.2181,,,1,0.00,开放申购,开放赎回,,,,
1101,2019-03-20,1.2181,1.2181,,,1,0.23,开放申购,开放赎回,,,,
1102,2019-03-19,1.2153,1.2153,,,1,-0.42,开放申购,开放赎回,,,,
1103,2019-03-18,1.2204,1.2204,,,1,2.78,开放申购,开放赎回,,,,
1104,2019-03-15,1.1874,1.1874,,,1,1.34,开放申购,开放赎回,,,,
1105,2019-03-14,1.1717,1.1717,,,1,-0.69,开放申购,开放赎回,,,,
1106,2019-03-13,1.1798,1.1798,,,1,-0.37,开放申购,开放赎回,,,,
1107,2019-03-12,1.1842,1.1842,,,1,0.67,开放申购,开放赎回,,,,
1108,2019-03-11,1.1763,1.1763,,,1,1.91,开放申购,开放赎回,,,,
1109,2019-03-08,1.1543,1.1543,,,1,-3.79,开放申购,开放赎回,,,,
1110,2019-03-07,1.1998,1.1998,,,1,-0.90,开放申购,开放赎回,,,,
1111,2019-03-06,1.2107,1.2107,,,1,0.79,开放申购,开放赎回,,,,
1112,2019-03-05,1.2012,1.2012,,,1,0.48,开放申购,开放赎回,,,,
1113,2019-03-04,1.1955,1.1955,,,1,1.30,开放申购,开放赎回,,,,
1114,2019-03-01,1.1802,1.1802,,,1,1.93,开放申购,开放赎回,,,,
1115,2019-02-28,1.1579,1.1579,,,1,-0.06,开放申购,开放赎回,,,,
1116,2019-02-27,1.1586,1.1586,,,1,0.03,开放申购,开放赎回,,,,
1117,2019-02-26,1.1582,1.1582,,,1,-1.19,开放申购,开放赎回,,,,
1118,2019-02-25,1.1722,1.1722,,,1,5.45,开放申购,开放赎回,,,,
1119,2019-02-22,1.1116,1.1116,,,1,1.78,开放申购,开放赎回,,,,
1120,2019-02-21,1.0922,1.0922,,,1,-0.38,开放申购,开放赎回,,,,
1121,2019-02-20,1.0964,1.0964,,,1,0.22,开放申购,开放赎回,,,,
1122,2019-02-19,1.0940,1.0940,,,1,-0.26,开放申购,开放赎回,,,,
1123,2019-02-18,1.0969,1.0969,,,1,2.80,开放申购,开放赎回,,,,
1124,2019-02-15,1.0670,1.0670,,,1,-1.84,开放申购,开放赎回,,,,
1125,2019-02-14,1.0870,1.0870,,,1,0.27,开放申购,开放赎回,,,,
1126,2019-02-13,1.0841,1.0841,,,1,1.53,开放申购,开放赎回,,,,
1127,2019-02-12,1.0678,1.0678,,,1,0.73,开放申购,开放赎回,,,,
1128,2019-02-11,1.0601,1.0601,,,1,1.44,开放申购,开放赎回,,,,
1129,2019-02-01,1.0451,1.0451,,,1,1.19,开放申购,开放赎回,,,,
1130,2019-01-31,1.0328,1.0328,,,1,0.96,开放申购,开放赎回,,,,
1131,2019-01-30,1.0230,1.0230,,,1,-0.62,开放申购,开放赎回,,,,
1132,2019-01-29,1.0294,1.0294,,,1,0.59,开放申购,开放赎回,,,,
1133,2019-01-28,1.0234,1.0234,,,1,-0.08,开放申购,开放赎回,,,,
1134,2019-01-25,1.0242,1.0242,,,1,0.75,开放申购,开放赎回,,,,
1135,2019-01-24,1.0166,1.0166,,,1,0.51,开放申购,开放赎回,,,,
1136,2019-01-23,1.0114,1.0114,,,1,-0.04,开放申购,开放赎回,,,,
1137,2019-01-22,1.0118,1.0118,,,1,-1.15,开放申购,开放赎回,,,,
1138,2019-01-21,1.0236,1.0236,,,1,0.45,开放申购,开放赎回,,,,
1139,2019-01-18,1.0190,1.0190,,,1,1.65,开放申购,开放赎回,,,,
1140,2019-01-17,1.0025,1.0025,,,1,-0.29,开放申购,开放赎回,,,,
1141,2019-01-16,1.0054,1.0054,,,1,0.08,开放申购,开放赎回,,,,
1142,2019-01-15,1.0046,1.0046,,,1,1.67,开放申购,开放赎回,,,,
1143,2019-01-14,0.9881,0.9881,,,1,-0.76,开放申购,开放赎回,,,,
1144,2019-01-11,0.9957,0.9957,,,1,0.62,开放申购,开放赎回,,,,
1145,2019-01-10,0.9896,0.9896,,,1,-0.27,开放申购,开放赎回,,,,
1146,2019-01-09,0.9923,0.9923,,,1,1.01,开放申购,开放赎回,,,,
1147,2019-01-08,0.9824,0.9824,,,1,-0.09,开放申购,开放赎回,,,,
1148,2019-01-07,0.9833,0.9833,,,1,0.34,开放申购,开放赎回,,,,
1149,2019-01-04,0.9800,0.9800,,,1,2.03,开放申购,开放赎回,,,,
1150,2019-01-03,0.9605,0.9605,,,1,-0.10,开放申购,开放赎回,,,,
1151,2019-01-02,0.9615,0.9615,,,1,-1.56,开放申购,开放赎回,,,,
1152,2018-12-31,0.9766,0.9766,,,0,,开放申购,开放赎回,,,,
1153,2018-12-28,0.9767,0.9767,,,1,0.45,开放申购,开放赎回,,,,
1154,2018-12-27,0.9723,0.9723,,,1,-0.22,开放申购,开放赎回,,,,
1155,2018-12-26,0.9744,0.9744,,,1,-0.22,开放申购,开放赎回,,,,
1156,2018-12-25,0.9765,0.9765,,,1,-0.68,开放申购,开放赎回,,,,
1157,2018-12-24,0.9832,0.9832,,,1,0.23,开放申购,开放赎回,,,,
1158,2018-12-21,0.9809,0.9809,,,1,-0.92,开放申购,开放赎回,,,,
1159,2018-12-20,0.9900,0.9900,,,1,-0.71,开放申购,开放赎回,,,,
1160,2018-12-19,0.9971,0.9971,,,1,-0.82,开放申购,开放赎回,,,,
1161,2018-12-18,1.0053,1.0053,,,1,-0.94,开放申购,开放赎回,,,,
1162,2018-12-17,1.0148,1.0148,,,1,-0.02,开放申购,开放赎回,,,,
1163,2018-12-14,1.0150,1.0150,,,1,-1.32,开放申购,开放赎回,,,,
1164,2018-12-13,1.0286,1.0286,,,1,1.27,开放申购,开放赎回,,,,
1165,2018-12-12,1.0157,1.0157,,,1,0.37,开放申购,开放赎回,,,,
1166,2018-12-11,1.0120,1.0120,,,1,0.40,开放申购,开放赎回,,,,
1167,2018-12-10,1.0080,1.0080,,,1,-1.06,开放申购,开放赎回,,,,
1168,2018-12-07,1.0188,1.0188,,,1,0.14,开放申购,开放赎回,,,,
1169,2018-12-06,1.0174,1.0174,,,1,-1.83,开放申购,开放赎回,,,,
1170,2018-12-05,1.0364,1.0364,,,1,-0.49,开放申购,开放赎回,,,,
1171,2018-12-04,1.0415,1.0415,,,1,0.17,开放申购,开放赎回,,,,
1172,2018-12-03,1.0397,1.0397,,,1,2.31,开放申购,开放赎回,,,,
1173,2018-11-30,1.0162,1.0162,,,1,0.90,开放申购,开放赎回,,,,
1174,2018-11-29,1.0071,1.0071,,,1,-1.11,开放申购,开放赎回,,,,
1175,2018-11-28,1.0184,1.0184,,,1,1.27,开放申购,开放赎回,,,,
1176,2018-11-27,1.0056,1.0056,,,1,-0.24,开放申购,开放赎回,,,,
1177,2018-11-26,1.0080,1.0080,,,1,-0.08,开放申购,开放赎回,,,,
1178,2018-11-23,1.0088,1.0088,,,1,-1.94,开放申购,开放赎回,,,,
1179,2018-11-22,1.0288,1.0288,,,1,-0.41,开放申购,开放赎回,,,,
1180,2018-11-21,1.0330,1.0330,,,1,0.25,开放申购,开放赎回,,,,
1181,2018-11-20,1.0304,1.0304,,,1,-1.98,开放申购,开放赎回,,,,
1182,2018-11-19,1.0512,1.0512,,,1,0.94,开放申购,开放赎回,,,,
1183,2018-11-16,1.0414,1.0414,,,1,0.14,开放申购,开放赎回,,,,
1184,2018-11-15,1.0399,1.0399,,,1,0.81,开放申购,开放赎回,,,,
1185,2018-11-14,1.0315,1.0315,,,1,-0.87,开放申购,开放赎回,,,,
1186,2018-11-13,1.0406,1.0406,,,1,0.87,开放申购,开放赎回,,,,
1187,2018-11-12,1.0316,1.0316,,,1,1.11,开放申购,开放赎回,,,,
1188,2018-11-09,1.0203,1.0203,,,1,-1.32,开放申购,开放赎回,,,,
1189,2018-11-08,1.0339,1.0339,,,1,-0.05,开放申购,开放赎回,,,,
1190,2018-11-07,1.0344,1.0344,,,1,-0.49,开放申购,开放赎回,,,,
1191,2018-11-06,1.0395,1.0395,,,1,-0.41,开放申购,开放赎回,,,,
1192,2018-11-05,1.0438,1.0438,,,1,-0.65,开放申购,开放赎回,,,,
1193,2018-11-02,1.0506,1.0506,,,1,2.84,开放申购,开放赎回,,,,
1194,2018-11-01,1.0216,1.0216,,,1,0.33,开放申购,开放赎回,,,,
1195,2018-10-31,1.0182,1.0182,,,1,1.19,开放申购,开放赎回,,,,
1196,2018-10-30,1.0062,1.0062,,,1,1.12,开放申购,开放赎回,,,,
1197,2018-10-29,0.9951,0.9951,,,1,-2.35,开放申购,开放赎回,,,,
1198,2018-10-26,1.0190,1.0190,,,1,-0.23,开放申购,开放赎回,,,,
1199,2018-10-25,1.0213,1.0213,,,1,0.18,开放申购,开放赎回,,,,
1200,2018-10-24,1.0195,1.0195,,,1,0.23,开放申购,开放赎回,,,,
1201,2018-10-23,1.0172,1.0172,,,1,-2.60,开放申购,开放赎回,,,,
1202,2018-10-22,1.0444,1.0444,,,1,3.65,开放申购,开放赎回,,,,
1203,2018-10-19,1.0076,1.0076,,,1,2.59,开放申购,开放赎回,,,,
1204,2018-10-18,0.9822,0.9822,,,1,-2.22,开放申购,开放赎回,,,,
1205,2018-10-17,1.0045,1.0045,,,1,0.64,开放申购,开放赎回,,,,
1206,2018-10-16,0.9981,0.9981,,,1,-0.87,开放申购,开放赎回,,,,
1207,2018-10-15,1.0069,1.0069,,,1,-1.44,开放申购,开放赎回,,,,
1208,2018-10-12,1.0216,1.0216,,,1,1.33,开放申购,开放赎回,,,,
1209,2018-10-11,1.0082,1.0082,,,1,-4.54,开放申购,开放赎回,,,,
1210,2018-10-10,1.0561,1.0561,,,1,0.02,开放申购,开放赎回,,,,
1211,2018-10-09,1.0559,1.0559,,,1,-0.08,开放申购,开放赎回,,,,
1212,2018-10-08,1.0567,1.0567,,,1,-3.90,开放申购,开放赎回,,,,
1213,2018-09-28,1.0996,1.0996,,,1,0.84,开放申购,开放赎回,,,,
1214,2018-09-27,1.0904,1.0904,,,1,-0.17,开放申购,开放赎回,,,,
1215,2018-09-26,1.0923,1.0923,,,1,0.94,开放申购,开放赎回,,,,
1216,2018-09-25,1.0821,1.0821,,,1,-1.02,开放申购,开放赎回,,,,
1217,2018-09-21,1.0932,1.0932,,,1,2.71,开放申购,开放赎回,,,,
1218,2018-09-20,1.0644,1.0644,,,1,0.06,开放申购,开放赎回,,,,
1219,2018-09-19,1.0638,1.0638,,,1,1.23,开放申购,开放赎回,,,,
1220,2018-09-18,1.0509,1.0509,,,1,2.02,开放申购,开放赎回,,,,
1221,2018-09-17,1.0301,1.0301,,,1,-1.09,开放申购,开放赎回,,,,
1222,2018-09-14,1.0415,1.0415,,,1,0.31,开放申购,开放赎回,,,,
1223,2018-09-13,1.0383,1.0383,,,1,0.84,开放申购,开放赎回,,,,
1224,2018-09-12,1.0297,1.0297,,,1,-0.40,开放申购,开放赎回,,,,
1225,2018-09-11,1.0338,1.0338,,,1,-0.46,开放申购,开放赎回,,,,
1226,2018-09-10,1.0386,1.0386,,,1,-0.93,开放申购,开放赎回,,,,
1227,2018-09-07,1.0483,1.0483,,,1,0.40,开放申购,开放赎回,,,,
1228,2018-09-06,1.0441,1.0441,,,1,-0.92,开放申购,开放赎回,,,,
1229,2018-09-05,1.0538,1.0538,,,1,-1.94,开放申购,开放赎回,,,,
1230,2018-09-04,1.0746,1.0746,,,1,1.05,开放申购,开放赎回,,,,
1231,2018-09-03,1.0634,1.0634,,,1,-0.51,开放申购,开放赎回,,,,
1232,2018-08-31,1.0689,1.0689,,,1,-0.43,开放申购,开放赎回,,,,
1233,2018-08-30,1.0735,1.0735,,,1,-0.73,开放申购,开放赎回,,,,
1234,2018-08-29,1.0814,1.0814,,,1,-0.46,开放申购,开放赎回,,,,
1235,2018-08-28,1.0864,1.0864,,,1,-0.44,开放申购,开放赎回,,,,
1236,2018-08-27,1.0912,1.0912,,,1,2.01,开放申购,开放赎回,,,,
1237,2018-08-24,1.0697,1.0697,,,1,0.22,开放申购,开放赎回,,,,
1238,2018-08-23,1.0674,1.0674,,,1,0.25,开放申购,开放赎回,,,,
1239,2018-08-22,1.0647,1.0647,,,1,-0.54,开放申购,开放赎回,,,,
1240,2018-08-21,1.0705,1.0705,,,1,1.62,开放申购,开放赎回,,,,
1241,2018-08-20,1.0534,1.0534,,,1,0.93,开放申购,开放赎回,,,,
1242,2018-08-17,1.0437,1.0437,,,1,-1.11,开放申购,开放赎回,,,,
1243,2018-08-16,1.0554,1.0554,,,1,-0.72,开放申购,开放赎回,,,,
1244,2018-08-15,1.0630,1.0630,,,1,-2.11,开放申购,开放赎回,,,,
1245,2018-08-14,1.0859,1.0859,,,1,-0.24,开放申购,开放赎回,,,,
1246,2018-08-13,1.0885,1.0885,,,1,-0.68,开放申购,开放赎回,,,,
1247,2018-08-10,1.0960,1.0960,,,1,0.01,开放申购,开放赎回,,,,
1248,2018-08-09,1.0959,1.0959,,,1,1.99,开放申购,开放赎回,,,,
1249,2018-08-08,1.0745,1.0745,,,1,-1.32,开放申购,开放赎回,,,,
1250,2018-08-07,1.0889,1.0889,,,1,2.44,开放申购,开放赎回,,,,
1251,2018-08-06,1.0630,1.0630,,,1,-0.99,开放申购,开放赎回,,,,
1252,2018-08-03,1.0736,1.0736,,,1,-1.36,开放申购,开放赎回,,,,
1253,2018-08-02,1.0884,1.0884,,,1,-2.11,开放申购,开放赎回,,,,
1254,2018-08-01,1.1119,1.1119,,,1,-1.84,开放申购,开放赎回,,,,
1255,2018-07-31,1.1327,1.1327,,,1,0.18,开放申购,开放赎回,,,,
1256,2018-07-30,1.1307,1.1307,,,1,-0.16,开放申购,开放赎回,,,,
1257,2018-07-27,1.1325,1.1325,,,1,-0.37,开放申购,开放赎回,,,,
1258,2018-07-26,1.1367,1.1367,,,1,-0.75,开放申购,开放赎回,,,,
1259,2018-07-25,1.1453,1.1453,,,1,-0.13,开放申购,开放赎回,,,,
1260,2018-07-24,1.1468,1.1468,,,1,1.79,开放申购,开放赎回,,,,
1261,2018-07-23,1.1266,1.1266,,,1,0.84,开放申购,开放赎回,,,,
1262,2018-07-20,1.1172,1.1172,,,1,1.66,开放申购,开放赎回,,,,
1263,2018-07-19,1.0990,1.0990,,,1,-0.18,开放申购,开放赎回,,,,
1264,2018-07-18,1.1010,1.1010,,,1,-0.38,开放申购,开放赎回,,,,
1265,2018-07-17,1.1052,1.1052,,,1,-0.46,开放申购,开放赎回,,,,
1266,2018-07-16,1.1103,1.1103,,,1,-0.48,开放申购,开放赎回,,,,
1267,2018-07-13,1.1156,1.1156,,,1,0.43,开放申购,开放赎回,,,,
1268,2018-07-12,1.1108,1.1108,,,1,2.02,开放申购,开放赎回,,,,
1269,2018-07-11,1.0888,1.0888,,,1,-1.49,开放申购,开放赎回,,,,
1270,2018-07-10,1.1053,1.1053,,,1,0.29,开放申购,开放赎回,,,,
1271,2018-07-09,1.1021,1.1021,,,1,2.34,开放申购,开放赎回,,,,
1272,2018-07-06,1.0769,1.0769,,,1,0.43,开放申购,开放赎回,,,,
1273,2018-07-05,1.0723,1.0723,,,1,-0.63,开放申购,开放赎回,,,,
1274,2018-07-04,1.0791,1.0791,,,1,-1.01,开放申购,开放赎回,,,,
1275,2018-07-03,1.0901,1.0901,,,1,0.13,开放申购,开放赎回,,,,
1276,2018-07-02,1.0887,1.0887,,,1,-2.58,开放申购,开放赎回,,,,
1277,2018-06-30,1.1175,1.1175,,,0,,开放申购,开放赎回,,,,
1278,2018-06-29,1.1175,1.1175,,,1,2.19,开放申购,开放赎回,,,,
1279,2018-06-28,1.0936,1.0936,,,1,-0.93,开放申购,开放赎回,,,,
1280,2018-06-27,1.1039,1.1039,,,1,-1.70,开放申购,开放赎回,,,,
1281,2018-06-26,1.1230,1.1230,,,1,-1.06,开放申购,开放赎回,,,,
1282,2018-06-25,1.1350,1.1350,,,1,-0.98,开放申购,开放赎回,,,,
1283,2018-06-22,1.1462,1.1462,,,1,0.53,开放申购,开放赎回,,,,
1284,2018-06-21,1.1402,1.1402,,,1,-0.69,开放申购,开放赎回,,,,
1285,2018-06-20,1.1481,1.1481,,,1,0.55,开放申购,开放赎回,,,,
1286,2018-06-19,1.1418,1.1418,,,1,-3.24,开放申购,开放赎回,,,,
1287,2018-06-15,1.1800,1.1800,,,1,-0.16,开放申购,开放赎回,,,,
1288,2018-06-14,1.1819,1.1819,,,1,-0.34,开放申购,开放赎回,,,,
1289,2018-06-13,1.1859,1.1859,,,1,-0.64,开放申购,开放赎回,,,,
1290,2018-06-12,1.1935,1.1935,,,1,1.49,开放申购,开放赎回,,,,
1291,2018-06-11,1.1760,1.1760,,,1,0.00,开放申购,开放赎回,,,,
1292,2018-06-08,1.1760,1.1760,,,1,-1.19,开放申购,开放赎回,,,,
1293,2018-06-07,1.1902,1.1902,,,1,-0.05,开放申购,开放赎回,,,,
1294,2018-06-06,1.1908,1.1908,,,1,-0.22,开放申购,开放赎回,,,,
1295,2018-06-05,1.1934,1.1934,,,1,0.69,开放申购,开放赎回,,,,
1296,2018-06-04,1.1852,1.1852,,,1,1.26,开放申购,开放赎回,,,,
1297,2018-06-01,1.1705,1.1705,,,1,-0.61,开放申购,开放赎回,,,,
1298,2018-05-31,1.1777,1.1777,,,1,1.97,开放申购,开放赎回,,,,
1299,2018-05-30,1.1549,1.1549,,,1,-1.75,开放申购,开放赎回,,,,
1300,2018-05-29,1.1755,1.1755,,,1,-0.53,开放申购,开放赎回,,,,
1301,2018-05-28,1.1818,1.1818,,,1,0.58,开放申购,开放赎回,,,,
1302,2018-05-25,1.1750,1.1750,,,1,-0.11,开放申购,开放赎回,,,,
1303,2018-05-24,1.1763,1.1763,,,1,-0.65,开放申购,开放赎回,,,,
1304,2018-05-23,1.1840,1.1840,,,1,-1.33,开放申购,开放赎回,,,,
1305,2018-05-22,1.1999,1.1999,,,1,-0.27,开放申购,开放赎回,,,,
1306,2018-05-21,1.2031,1.2031,,,1,0.21,开放申购,开放赎回,,,,
1307,2018-05-18,1.2006,1.2006,,,1,0.81,开放申购,开放赎回,,,,
1308,2018-05-17,1.1910,1.1910,,,1,-0.48,开放申购,开放赎回,,,,
1309,2018-05-16,1.1967,1.1967,,,1,-0.52,开放申购,开放赎回,,,,
1310,2018-05-15,1.2029,1.2029,,,1,0.49,开放申购,开放赎回,,,,
1311,2018-05-14,1.1970,1.1970,,,1,0.66,开放申购,开放赎回,,,,
1312,2018-05-11,1.1892,1.1892,,,1,-0.61,开放申购,开放赎回,,,,
1313,2018-05-10,1.1965,1.1965,,,1,0.60,开放申购,开放赎回,,,,
1314,2018-05-09,1.1894,1.1894,,,1,-0.13,开放申购,开放赎回,,,,
1315,2018-05-08,1.1910,1.1910,,,1,0.88,开放申购,开放赎回,,,,
1316,2018-05-07,1.1806,1.1806,,,1,1.38,开放申购,开放赎回,,,,
1317,2018-05-04,1.1645,1.1645,,,1,-0.24,开放申购,开放赎回,,,,
1318,2018-05-03,1.1673,1.1673,,,1,0.58,开放申购,开放赎回,,,,
1319,2018-05-02,1.1606,1.1606,,,1,0.10,开放申购,开放赎回,,,,
1320,2018-04-27,1.1594,1.1594,,,1,0.16,开放申购,开放赎回,,,,
1321,2018-04-26,1.1576,1.1576,,,1,-1.49,开放申购,开放赎回,,,,
1322,2018-04-25,1.1751,1.1751,,,1,-0.36,开放申购,开放赎回,,,,
1323,2018-04-24,1.1793,1.1793,,,1,1.93,开放申购,开放赎回,,,,
1324,2018-04-23,1.1570,1.1570,,,1,0.15,开放申购,开放赎回,,,,
1325,2018-04-20,1.1553,1.1553,,,1,-1.29,开放申购,开放赎回,,,,
1326,2018-04-19,1.1704,1.1704,,,1,1.12,开放申购,开放赎回,,,,
1327,2018-04-18,1.1574,1.1574,,,1,0.32,开放申购,开放赎回,,,,
1328,2018-04-17,1.1537,1.1537,,,1,-1.28,开放申购,开放赎回,,,,
1329,2018-04-16,1.1687,1.1687,,,1,-1.69,开放申购,开放赎回,,,,
1330,2018-04-13,1.1888,1.1888,,,1,-0.51,开放申购,开放赎回,,,,
1331,2018-04-12,1.1949,1.1949,,,1,-0.76,开放申购,开放赎回,,,,
1332,2018-04-11,1.2041,1.2041,,,1,0.30,开放申购,开放赎回,,,,
1333,2018-04-10,1.2005,1.2005,,,1,1.83,开放申购,开放赎回,,,,
1334,2018-04-09,1.1789,1.1789,,,1,-0.07,开放申购,开放赎回,,,,
1335,2018-04-04,1.1797,1.1797,,,1,-0.03,开放申购,开放赎回,,,,
1336,2018-04-03,1.1801,1.1801,,,1,-0.62,开放申购,开放赎回,,,,
1337,2018-04-02,1.1875,1.1875,,,1,-0.24,开放申购,开放赎回,,,,
1338,2018-03-30,1.1903,1.1903,,,1,-0.04,开放申购,开放赎回,,,,
1339,2018-03-29,1.1908,1.1908,,,1,1.53,开放申购,开放赎回,,,,
1340,2018-03-28,1.1729,1.1729,,,1,-1.62,开放申购,开放赎回,,,,
1341,2018-03-27,1.1922,1.1922,,,1,0.77,开放申购,开放赎回,,,,
1342,2018-03-26,1.1831,1.1831,,,1,-0.67,开放申购,开放赎回,,,,
1343,2018-03-23,1.1911,1.1911,,,1,-2.68,开放申购,开放赎回,,,,
1344,2018-03-22,1.2239,1.2239,,,1,-1.00,开放申购,开放赎回,,,,
1345,2018-03-21,1.2362,1.2362,,,1,-0.43,开放申购,开放赎回,,,,
1346,2018-03-20,1.2415,1.2415,,,1,-0.06,开放申购,开放赎回,,,,
1347,2018-03-19,1.2423,1.2423,,,1,0.06,开放申购,开放赎回,,,,
1348,2018-03-16,1.2416,1.2416,,,1,-0.74,开放申购,开放赎回,,,,
1349,2018-03-15,1.2509,1.2509,,,1,0.45,开放申购,开放赎回,,,,
1350,2018-03-14,1.2453,1.2453,,,1,-0.29,开放申购,开放赎回,,,,
1351,2018-03-13,1.2489,1.2489,,,1,-0.74,开放申购,开放赎回,,,,
1352,2018-03-12,1.2582,1.2582,,,1,0.20,开放申购,开放赎回,,,,
1353,2018-03-09,1.2557,1.2557,,,1,0.58,开放申购,开放赎回,,,,
1354,2018-03-08,1.2485,1.2485,,,1,1.08,开放申购,开放赎回,,,,
1355,2018-03-07,1.2352,1.2352,,,1,-0.72,开放申购,开放赎回,,,,
1356,2018-03-06,1.2442,1.2442,,,1,1.29,开放申购,开放赎回,,,,
1357,2018-03-05,1.2284,1.2284,,,1,-0.10,开放申购,开放赎回,,,,
1358,2018-03-02,1.2296,1.2296,,,1,-0.72,开放申购,开放赎回,,,,
1359,2018-03-01,1.2385,1.2385,,,1,0.52,开放申购,开放赎回,,,,
1360,2018-02-28,1.2321,1.2321,,,1,-0.69,开放申购,开放赎回,,,,
1361,2018-02-27,1.2407,1.2407,,,1,-1.45,开放申购,开放赎回,,,,
1362,2018-02-26,1.2589,1.2589,,,1,0.91,开放申购,开放赎回,,,,
1363,2018-02-23,1.2475,1.2475,,,1,0.43,开放申购,开放赎回,,,,
1364,2018-02-22,1.2422,1.2422,,,1,2.05,开放申购,开放赎回,,,,
1365,2018-02-14,1.2173,1.2173,,,1,0.69,开放申购,开放赎回,,,,
1366,2018-02-13,1.2090,1.2090,,,1,1.15,开放申购,开放赎回,,,,
1367,2018-02-12,1.1952,1.1952,,,1,1.44,开放申购,开放赎回,,,,
1368,2018-02-09,1.1782,1.1782,,,1,-3.93,开放申购,开放赎回,,,,
1369,2018-02-08,1.2264,1.2264,,,1,-0.53,开放申购,开放赎回,,,,
1370,2018-02-07,1.2329,1.2329,,,1,-2.12,开放申购,开放赎回,,,,
1371,2018-02-06,1.2596,1.2596,,,1,-2.86,开放申购,开放赎回,,,,
1372,2018-02-05,1.2967,1.2967,,,1,0.08,开放申购,开放赎回,,,,
1373,2018-02-02,1.2957,1.2957,,,1,0.64,开放申购,开放赎回,,,,
1374,2018-02-01,1.2875,1.2875,,,1,-0.79,开放申购,开放赎回,,,,
1375,2018-01-31,1.2978,1.2978,,,1,0.34,开放申购,开放赎回,,,,
1376,2018-01-30,1.2934,1.2934,,,1,-1.08,开放申购,开放赎回,,,,
1377,2018-01-29,1.3075,1.3075,,,1,-1.41,开放申购,开放赎回,,,,
1378,2018-01-26,1.3262,1.3262,,,1,0.39,开放申购,开放赎回,,,,
1379,2018-01-25,1.3210,1.3210,,,1,-0.13,开放申购,开放赎回,,,,
1380,2018-01-24,1.3227,1.3227,,,1,0.06,开放申购,开放赎回,,,,
1381,2018-01-23,1.3219,1.3219,,,1,0.89,开放申购,开放赎回,,,,
1382,2018-01-22,1.3103,1.3103,,,1,1.31,开放申购,开放赎回,,,,
1383,2018-01-19,1.2933,1.2933,,,1,0.22,开放申购,开放赎回,,,,
1384,2018-01-18,1.2905,1.2905,,,1,0.65,开放申购,开放赎回,,,,
1385,2018-01-17,1.2822,1.2822,,,1,-0.18,开放申购,开放赎回,,,,
1386,2018-01-16,1.2845,1.2845,,,1,0.73,开放申购,开放赎回,,,,
1387,2018-01-15,1.2752,1.2752,,,1,-0.29,开放申购,开放赎回,,,,
1388,2018-01-12,1.2789,1.2789,,,1,0.29,开放申购,开放赎回,,,,
1389,2018-01-11,1.2752,1.2752,,,1,-0.23,开放申购,开放赎回,,,,
1390,2018-01-10,1.2781,1.2781,,,1,0.43,开放申购,开放赎回,,,,
1391,2018-01-09,1.2726,1.2726,,,1,0.51,开放申购,开放赎回,,,,
1392,2018-01-08,1.2662,1.2662,,,1,0.72,开放申购,开放赎回,,,,
1393,2018-01-05,1.2571,1.2571,,,1,0.38,开放申购,开放赎回,,,,
1394,2018-01-04,1.2523,1.2523,,,1,0.43,开放申购,开放赎回,,,,
1395,2018-01-03,1.2469,1.2469,,,1,0.82,开放申购,开放赎回,,,,
1396,2018-01-02,1.2368,1.2368,,,1,1.63,开放申购,开放赎回,,,,
1397,2017-12-31,1.2169,1.2169,,,0,,开放申购,开放赎回,,,,
1398,2017-12-29,1.2170,1.2170,,,1,0.36,开放申购,开放赎回,,,,
1399,2017-12-28,1.2126,1.2126,,,1,0.63,开放申购,开放赎回,,,,
1400,2017-12-27,1.2050,1.2050,,,1,-0.90,开放申购,开放赎回,,,,
1401,2017-12-26,1.2159,1.2159,,,1,0.36,开放申购,开放赎回,,,,
1402,2017-12-25,1.2115,1.2115,,,1,-0.28,开放申购,开放赎回,,,,
1403,2017-12-22,1.2149,1.2149,,,1,-0.05,开放申购,开放赎回,,,,
1404,2017-12-21,1.2155,1.2155,,,1,0.75,开放申购,开放赎回,,,,
1405,2017-12-20,1.2064,1.2064,,,1,-0.44,开放申购,开放赎回,,,,
1406,2017-12-19,1.2117,1.2117,,,1,0.84,开放申购,开放赎回,,,,
1407,2017-12-18,1.2016,1.2016,,,1,0.37,开放申购,开放赎回,,,,
1408,2017-12-15,1.1972,1.1972,,,1,-1.07,开放申购,开放赎回,,,,
1409,2017-12-14,1.2102,1.2102,,,1,-0.33,开放申购,开放赎回,,,,
1410,2017-12-13,1.2142,1.2142,,,1,0.70,开放申购,开放赎回,,,,
1411,2017-12-12,1.2058,1.2058,,,1,-1.04,开放申购,开放赎回,,,,
1412,2017-12-11,1.2185,1.2185,,,1,1.23,开放申购,开放赎回,,,,
1413,2017-12-08,1.2037,1.2037,,,1,0.59,开放申购,开放赎回,,,,
1414,2017-12-07,1.1966,1.1966,,,1,-0.99,开放申购,开放赎回,,,,
1415,2017-12-06,1.2086,1.2086,,,1,-0.26,开放申购,开放赎回,,,,
1416,2017-12-05,1.2118,1.2118,,,1,0.15,开放申购,开放赎回,,,,
1417,2017-12-04,1.2100,1.2100,,,1,0.21,开放申购,开放赎回,,,,
1418,2017-12-01,1.2075,1.2075,,,1,0.02,开放申购,开放赎回,,,,
1419,2017-11-30,1.2072,1.2072,,,1,-0.76,开放申购,开放赎回,,,,
1420,2017-11-29,1.2164,1.2164,,,1,-0.04,开放申购,开放赎回,,,,
1421,2017-11-28,1.2169,1.2169,,,1,0.32,开放申购,开放赎回,,,,
1422,2017-11-27,1.2130,1.2130,,,1,-1.19,开放申购,开放赎回,,,,
1423,2017-11-24,1.2276,1.2276,,,1,0.11,开放申购,开放赎回,,,,
1424,2017-11-23,1.2263,1.2263,,,1,-2.47,开放申购,开放赎回,,,,
1425,2017-11-22,1.2573,1.2573,,,1,0.38,开放申购,开放赎回,,,,
1426,2017-11-21,1.2525,1.2525,,,1,1.59,开放申购,开放赎回,,,,
1427,2017-11-20,1.2329,1.2329,,,1,0.27,开放申购,开放赎回,,,,
1428,2017-11-17,1.2296,1.2296,,,1,0.22,开放申购,开放赎回,,,,
1429,2017-11-16,1.2269,1.2269,,,1,0.38,开放申购,开放赎回,,,,
1430,2017-11-15,1.2223,1.2223,,,1,-0.41,开放申购,开放赎回,,,,
1431,2017-11-14,1.2273,1.2273,,,1,-0.53,开放申购,开放赎回,,,,
1432,2017-11-13,1.2338,1.2338,,,1,0.33,开放申购,开放赎回,,,,
1433,2017-11-10,1.2298,1.2298,,,1,0.62,开放申购,开放赎回,,,,
1434,2017-11-09,1.2222,1.2222,,,1,0.54,开放申购,开放赎回,,,,
1435,2017-11-08,1.2156,1.2156,,,1,-0.17,开放申购,开放赎回,,,,
1436,2017-11-07,1.2177,1.2177,,,1,0.83,开放申购,开放赎回,,,,
1437,2017-11-06,1.2077,1.2077,,,1,0.62,开放申购,开放赎回,,,,
1438,2017-11-03,1.2003,1.2003,,,1,-0.44,开放申购,开放赎回,,,,
1439,2017-11-02,1.2056,1.2056,,,1,-0.17,开放申购,开放赎回,,,,
1440,2017-11-01,1.2077,1.2077,,,1,0.12,开放申购,开放赎回,,,,
1441,2017-10-31,1.2063,1.2063,,,1,-0.08,开放申购,开放赎回,,,,
1442,2017-10-30,1.2073,1.2073,,,1,-0.17,开放申购,开放赎回,,,,
1443,2017-10-27,1.2094,1.2094,,,1,0.12,开放申购,开放赎回,,,,
1444,2017-10-26,1.2079,1.2079,,,1,0.42,开放申购,开放赎回,,,,
1445,2017-10-25,1.2029,1.2029,,,1,0.53,开放申购,开放赎回,,,,
1446,2017-10-24,1.1966,1.1966,,,1,0.89,开放申购,开放赎回,,,,
1447,2017-10-23,1.1861,1.1861,,,1,0.21,开放申购,开放赎回,,,,
1448,2017-10-20,1.1836,1.1836,,,1,0.14,开放申购,开放赎回,,,,
1449,2017-10-19,1.1819,1.1819,,,1,-0.43,开放申购,开放赎回,,,,
1450,2017-10-18,1.1870,1.1870,,,1,0.76,开放申购,开放赎回,,,,
1451,2017-10-17,1.1781,1.1781,,,1,0.01,开放申购,开放赎回,,,,
1452,2017-10-16,1.1780,1.1780,,,1,-0.38,开放申购,开放赎回,,,,
1453,2017-10-13,1.1825,1.1825,,,1,0.24,开放申购,开放赎回,,,,
1454,2017-10-12,1.1797,1.1797,,,1,0.04,开放申购,开放赎回,,,,
1455,2017-10-11,1.1792,1.1792,,,1,0.33,开放申购,开放赎回,,,,
1456,2017-10-10,1.1753,1.1753,,,1,0.06,开放申购,开放赎回,,,,
1457,2017-10-09,1.1746,1.1746,,,1,1.23,开放申购,开放赎回,,,,
1458,2017-09-29,1.1603,1.1603,,,1,0.20,开放申购,开放赎回,,,,
1459,2017-09-28,1.1580,1.1580,,,1,-0.18,开放申购,开放赎回,,,,
1460,2017-09-27,1.1601,1.1601,,,1,0.37,开放申购,开放赎回,,,,
1461,2017-09-26,1.1558,1.1558,,,1,0.17,开放申购,开放赎回,,,,
1462,2017-09-25,1.1538,1.1538,,,1,-0.70,开放申购,开放赎回,,,,
1463,2017-09-22,1.1619,1.1619,,,1,0.19,开放申购,开放赎回,,,,
1464,2017-09-21,1.1597,1.1597,,,1,-0.26,开放申购,开放赎回,,,,
1465,2017-09-20,1.1627,1.1627,,,1,0.19,开放申购,开放赎回,,,,
1466,2017-09-19,1.1605,1.1605,,,1,-0.23,开放申购,开放赎回,,,,
1467,2017-09-18,1.1632,1.1632,,,1,0.38,开放申购,开放赎回,,,,
1468,2017-09-15,1.1588,1.1588,,,1,-0.07,开放申购,开放赎回,,,,
1469,2017-09-14,1.1596,1.1596,,,1,-0.08,开放申购,开放赎回,,,,
1470,2017-09-13,1.1605,1.1605,,,1,0.15,开放申购,开放赎回,,,,
1471,2017-09-12,1.1588,1.1588,,,1,0.19,开放申购,开放赎回,,,,
1472,2017-09-11,1.1566,1.1566,,,1,0.23,开放申购,开放赎回,,,,
1473,2017-09-08,1.1540,1.1540,,,1,-0.14,开放申购,开放赎回,,,,
1474,2017-09-07,1.1556,1.1556,,,1,-0.36,开放申购,开放赎回,,,,
1475,2017-09-06,1.1598,1.1598,,,1,-0.06,开放申购,开放赎回,,,,
1476,2017-09-05,1.1605,1.1605,,,1,0.15,开放申购,开放赎回,,,,
1477,2017-09-04,1.1588,1.1588,,,1,0.15,开放申购,开放赎回,,,,
1478,2017-09-01,1.1571,1.1571,,,1,0.14,开放申购,开放赎回,,,,
1479,2017-08-31,1.1555,1.1555,,,1,-0.28,开放申购,开放赎回,,,,
1480,2017-08-30,1.1587,1.1587,,,1,0.24,开放申购,开放赎回,,,,
1481,2017-08-29,1.1559,1.1559,,,1,-0.21,开放申购,开放赎回,,,,
1482,2017-08-28,1.1583,1.1583,,,1,1.04,开放申购,开放赎回,,,,
1483,2017-08-25,1.1464,1.1464,,,1,1.33,开放申购,开放赎回,,,,
1484,2017-08-24,1.1313,1.1313,,,1,-0.64,开放申购,开放赎回,,,,
1485,2017-08-23,1.1386,1.1386,,,1,-0.30,开放申购,开放赎回,,,,
1486,2017-08-22,1.1420,1.1420,,,1,-0.06,开放申购,开放赎回,,,,
1487,2017-08-21,1.1427,1.1427,,,1,0.40,开放申购,开放赎回,,,,
1488,2017-08-18,1.1381,1.1381,,,1,0.16,开放申购,开放赎回,,,,
1489,2017-08-17,1.1363,1.1363,,,1,0.71,开放申购,开放赎回,,,,
1490,2017-08-16,1.1283,1.1283,,,1,-0.12,开放申购,开放赎回,,,,
1491,2017-08-15,1.1296,1.1296,,,1,0.08,开放申购,开放赎回,,,,
1492,2017-08-14,1.1287,1.1287,,,1,1.04,开放申购,开放赎回,,,,
1493,2017-08-11,1.1171,1.1171,,,1,-2.01,开放申购,开放赎回,,,,
1494,2017-08-10,1.1400,1.1400,,,1,-0.61,开放申购,开放赎回,,,,
1495,2017-08-09,1.1470,1.1470,,,1,0.16,开放申购,开放赎回,,,,
1496,2017-08-08,1.1452,1.1452,,,1,0.04,开放申购,开放赎回,,,,
1497,2017-08-07,1.1447,1.1447,,,1,0.52,开放申购,开放赎回,,,,
1498,2017-08-04,1.1388,1.1388,,,1,-0.36,开放申购,开放赎回,,,,
1499,2017-08-03,1.1429,1.1429,,,1,-0.54,开放申购,开放赎回,,,,
1500,2017-08-02,1.1491,1.1491,,,1,-0.61,开放申购,开放赎回,,,,
1501,2017-08-01,1.1561,1.1561,,,1,0.54,开放申购,开放赎回,,,,
1502,2017-07-31,1.1499,1.1499,,,1,0.87,开放申购,开放赎回,,,,
1503,2017-07-28,1.1400,1.1400,,,1,0.39,开放申购,开放赎回,,,,
1504,2017-07-27,1.1356,1.1356,,,1,-0.07,开放申购,开放赎回,,,,
1505,2017-07-26,1.1364,1.1364,,,1,-0.29,开放申购,开放赎回,,,,
1506,2017-07-25,1.1397,1.1397,,,1,-0.55,开放申购,开放赎回,,,,
1507,2017-07-24,1.1460,1.1460,,,1,0.35,开放申购,开放赎回,,,,
1508,2017-07-21,1.1420,1.1420,,,1,-0.02,开放申购,开放赎回,,,,
1509,2017-07-20,1.1422,1.1422,,,1,0.65,开放申购,开放赎回,,,,
1510,2017-07-19,1.1348,1.1348,,,1,1.76,开放申购,开放赎回,,,,
1511,2017-07-18,1.1152,1.1152,,,1,0.34,开放申购,开放赎回,,,,
1512,2017-07-17,1.1114,1.1114,,,1,-1.06,开放申购,开放赎回,,,,
1513,2017-07-14,1.1233,1.1233,,,1,0.56,开放申购,开放赎回,,,,
1514,2017-07-13,1.1171,1.1171,,,1,0.64,开放申购,开放赎回,,,,
1515,2017-07-12,1.1100,1.1100,,,1,-0.38,开放申购,开放赎回,,,,
1516,2017-07-11,1.1142,1.1142,,,1,0.19,开放申购,开放赎回,,,,
1517,2017-07-10,1.1121,1.1121,,,1,0.09,开放申购,开放赎回,,,,
1518,2017-07-07,1.1111,1.1111,,,1,0.44,开放申购,开放赎回,,,,
1519,2017-07-06,1.1062,1.1062,,,1,0.15,开放申购,开放赎回,,,,
1520,2017-07-05,1.1045,1.1045,,,1,0.52,开放申购,开放赎回,,,,
1521,2017-07-04,1.0988,1.0988,,,1,-0.58,开放申购,开放赎回,,,,
1522,2017-07-03,1.1052,1.1052,,,1,0.28,开放申购,开放赎回,,,,
1523,2017-06-30,1.1021,1.1021,,,1,0.06,开放申购,开放赎回,,,,
1524,2017-06-29,1.1014,1.1014,,,1,0.72,开放申购,开放赎回,,,,
1525,2017-06-28,1.0935,1.0935,,,1,-0.63,开放申购,开放赎回,,,,
1526,2017-06-27,1.1004,1.1004,,,1,0.23,开放申购,开放赎回,,,,
1527,2017-06-26,1.0979,1.0979,,,1,1.84,开放申购,开放赎回,,,,
1528,2017-06-23,1.0781,1.0781,,,1,0.66,开放申购,开放赎回,,,,
1529,2017-06-22,1.0710,1.0710,,,1,0.13,开放申购,开放赎回,,,,
1530,2017-06-21,1.0696,1.0696,,,1,0.55,开放申购,开放赎回,,,,
1531,2017-06-20,1.0637,1.0637,,,1,-0.02,开放申购,开放赎回,,,,
1532,2017-06-19,1.0639,1.0639,,,1,0.87,开放申购,开放赎回,,,,
1533,2017-06-16,1.0547,1.0547,,,1,-0.09,开放申购,开放赎回,,,,
1534,2017-06-15,1.0556,1.0556,,,1,0.24,开放申购,开放赎回,,,,
1535,2017-06-14,1.0531,1.0531,,,1,-0.54,开放申购,开放赎回,,,,
1536,2017-06-13,1.0588,1.0588,,,1,1.00,开放申购,开放赎回,,,,
1537,2017-06-12,1.0483,1.0483,,,1,-0.41,开放申购,开放赎回,,,,
1538,2017-06-09,1.0526,1.0526,,,1,0.56,开放申购,开放赎回,,,,
1539,2017-06-08,1.0467,1.0467,,,1,0.37,开放申购,开放赎回,,,,
1540,2017-06-07,1.0428,1.0428,,,1,1.57,开放申购,开放赎回,,,,
1541,2017-06-06,1.0267,1.0267,,,1,0.40,开放申购,开放赎回,,,,
1542,2017-06-05,1.0226,1.0226,,,1,0.16,开放申购,开放赎回,,,,
1543,2017-06-02,1.0210,1.0210,,,1,0.28,开放申购,开放赎回,,,,
1544,2017-06-01,1.0182,1.0182,,,1,-0.90,开放申购,开放赎回,,,,
1545,2017-05-31,1.0274,1.0274,,,1,0.36,开放申购,开放赎回,,,,
1546,2017-05-26,1.0237,1.0237,,,1,-0.27,开放申购,开放赎回,,,,
1547,2017-05-25,1.0265,1.0265,,,1,1.68,开放申购,开放赎回,,,,
1548,2017-05-24,1.0095,1.0095,,,1,0.16,开放申购,开放赎回,,,,
1549,2017-05-23,1.0079,1.0079,,,1,-0.93,开放申购,开放赎回,,,,
1550,2017-05-22,1.0174,1.0174,,,1,-0.61,开放申购,开放赎回,,,,
1551,2017-05-19,1.0236,1.0236,,,1,-0.12,开放申购,开放赎回,,,,
1552,2017-05-18,1.0248,1.0248,,,1,-0.12,开放申购,开放赎回,,,,
1553,2017-05-17,1.0260,1.0260,,,1,-0.05,开放申购,开放赎回,,,,
1554,2017-05-16,1.0265,1.0265,,,1,1.36,开放申购,开放赎回,,,,
1555,2017-05-15,1.0127,1.0127,,,1,0.49,开放申购,开放赎回,,,,
1556,2017-05-12,1.0078,1.0078,,,1,0.39,开放申购,开放赎回,,,,
1557,2017-05-11,1.0039,1.0039,,,1,0.05,开放申购,开放赎回,,,,
1558,2017-05-10,1.0034,1.0034,,,1,-1.12,开放申购,开放赎回,,,,
1559,2017-05-09,1.0148,1.0148,,,1,0.34,开放申购,开放赎回,,,,
1560,2017-05-08,1.0114,1.0114,,,1,-0.82,开放申购,开放赎回,,,,
1561,2017-05-05,1.0198,1.0198,,,1,-1.09,开放申购,开放赎回,,,,
1562,2017-05-04,1.0310,1.0310,,,1,-0.51,开放申购,开放赎回,,,,
1563,2017-05-03,1.0363,1.0363,,,1,-0.51,开放申购,开放赎回,,,,
1564,2017-05-02,1.0416,1.0416,,,1,-0.81,开放申购,开放赎回,,,,
1565,2017-04-28,1.0501,1.0501,,,1,-0.17,开放申购,开放赎回,,,,
1566,2017-04-27,1.0519,1.0519,,,1,-0.12,开放申购,开放赎回,,,,
1567,2017-04-26,1.0532,1.0532,,,1,-0.01,开放申购,开放赎回,,,,
1568,2017-04-25,1.0533,1.0533,,,1,0.16,开放申购,开放赎回,,,,
1569,2017-04-24,1.0516,1.0516,,,1,-1.53,开放申购,开放赎回,,,,
1570,2017-04-21,1.0679,1.0679,,,1,0.10,开放申购,开放赎回,,,,
1571,2017-04-20,1.0668,1.0668,,,1,0.40,开放申购,开放赎回,,,,
1572,2017-04-19,1.0625,1.0625,,,1,-0.70,开放申购,开放赎回,,,,
1573,2017-04-18,1.0700,1.0700,,,1,-0.59,开放申购,开放赎回,,,,
1574,2017-04-17,1.0763,1.0763,,,1,-0.51,开放申购,开放赎回,,,,
1575,2017-04-14,1.0818,1.0818,,,1,-0.91,开放申购,开放赎回,,,,
1576,2017-04-13,1.0917,1.0917,,,1,-0.02,开放申购,开放赎回,,,,
1577,2017-04-12,1.0919,1.0919,,,1,0.16,开放申购,开放赎回,,,,
1578,2017-04-11,1.0902,1.0902,,,1,0.66,开放申购,开放赎回,,,,
1579,2017-04-10,1.0830,1.0830,,,1,-0.24,开放申购,开放赎回,,,,
1580,2017-04-07,1.0856,1.0856,,,1,-0.03,开放申购,开放赎回,,,,
1581,2017-04-06,1.0859,1.0859,,,1,0.56,开放申购,开放赎回,,,,
1582,2017-04-05,1.0799,1.0799,,,1,2.09,开放申购,开放赎回,,,,
1583,2017-03-31,1.0578,1.0578,,,1,0.20,开放申购,开放赎回,,,,
1584,2017-03-30,1.0557,1.0557,,,1,-0.93,开放申购,开放赎回,,,,
1585,2017-03-29,1.0656,1.0656,,,1,-0.17,开放申购,开放赎回,,,,
1586,2017-03-28,1.0674,1.0674,,,1,-0.24,开放申购,开放赎回,,,,
1587,2017-03-27,1.0700,1.0700,,,1,-0.12,开放申购,开放赎回,,,,
1588,2017-03-24,1.0713,1.0713,,,1,0.64,开放申购,开放赎回,,,,
1589,2017-03-23,1.0645,1.0645,,,1,0.06,开放申购,开放赎回,,,,
1590,2017-03-22,1.0639,1.0639,,,1,-0.51,开放申购,开放赎回,,,,
1591,2017-03-21,1.0693,1.0693,,,1,0.11,开放申购,开放赎回,,,,
1592,2017-03-20,1.0681,1.0681,,,1,0.06,开放申购,开放赎回,,,,
1593,2017-03-17,1.0675,1.0675,,,1,-0.91,开放申购,开放赎回,,,,
1594,2017-03-16,1.0773,1.0773,,,1,0.53,开放申购,开放赎回,,,,
1595,2017-03-15,1.0716,1.0716,,,1,0.20,开放申购,开放赎回,,,,
1596,2017-03-14,1.0695,1.0695,,,1,-0.05,开放申购,开放赎回,,,,
1597,2017-03-13,1.0700,1.0700,,,1,0.75,开放申购,开放赎回,,,,
1598,2017-03-10,1.0620,1.0620,,,1,0.04,开放申购,开放赎回,,,,
1599,2017-03-09,1.0616,1.0616,,,1,-0.61,开放申购,开放赎回,,,,
1600,2017-03-08,1.0681,1.0681,,,1,-0.39,开放申购,开放赎回,,,,
1601,2017-03-07,1.0723,1.0723,,,1,0.08,开放申购,开放赎回,,,,
1602,2017-03-06,1.0714,1.0714,,,1,0.61,开放申购,开放赎回,,,,
1603,2017-03-03,1.0649,1.0649,,,1,-0.24,开放申购,开放赎回,,,,
1604,2017-03-02,1.0675,1.0675,,,1,-0.65,开放申购,开放赎回,,,,
1605,2017-03-01,1.0745,1.0745,,,1,0.14,开放申购,开放赎回,,,,
1606,2017-02-28,1.0730,1.0730,,,1,0.14,开放申购,开放赎回,,,,
1607,2017-02-27,1.0715,1.0715,,,1,-0.80,开放申购,开放赎回,,,,
1608,2017-02-24,1.0801,1.0801,,,1,0.21,开放申购,开放赎回,,,,
1609,2017-02-23,1.0778,1.0778,,,1,-0.34,开放申购,开放赎回,,,,
1610,2017-02-22,1.0815,1.0815,,,1,0.05,开放申购,开放赎回,,,,
1611,2017-02-21,1.0810,1.0810,,,1,0.49,开放申购,开放赎回,,,,
1612,2017-02-20,1.0757,1.0757,,,1,1.21,开放申购,开放赎回,,,,
1613,2017-02-17,1.0628,1.0628,,,1,-0.65,开放申购,开放赎回,,,,
1614,2017-02-16,1.0698,1.0698,,,1,0.47,开放申购,开放赎回,,,,
1615,2017-02-15,1.0648,1.0648,,,1,-0.38,开放申购,开放赎回,,,,
1616,2017-02-14,1.0689,1.0689,,,1,0.04,开放申购,开放赎回,,,,
1617,2017-02-13,1.0685,1.0685,,,1,0.53,开放申购,开放赎回,,,,
1618,2017-02-10,1.0629,1.0629,,,1,0.80,开放申购,开放赎回,,,,
1619,2017-02-09,1.0545,1.0545,,,1,0.48,开放申购,开放赎回,,,,
1620,2017-02-08,1.0495,1.0495,,,1,0.33,开放申购,开放赎回,,,,
1621,2017-02-07,1.0461,1.0461,,,1,-0.04,开放申购,开放赎回,,,,
1622,2017-02-06,1.0465,1.0465,,,1,0.29,开放申购,开放赎回,,,,
1623,2017-02-03,1.0435,1.0435,,,1,-0.62,开放申购,开放赎回,,,,
1624,2017-01-26,1.0500,1.0500,,,1,0.44,开放申购,开放赎回,,,,
1625,2017-01-25,1.0454,1.0454,,,1,0.44,开放申购,开放赎回,,,,
1626,2017-01-24,1.0408,1.0408,,,1,0.33,开放申购,开放赎回,,,,
1627,2017-01-23,1.0374,1.0374,,,1,0.55,开放申购,开放赎回,,,,
1628,2017-01-20,1.0317,1.0317,,,1,0.88,开放申购,开放赎回,,,,
1629,2017-01-19,1.0227,1.0227,,,1,-0.12,开放申购,开放赎回,,,,
1630,2017-01-18,1.0239,1.0239,,,1,0.46,开放申购,开放赎回,,,,
1631,2017-01-17,1.0192,1.0192,,,1,0.29,开放申购,开放赎回,,,,
1632,2017-01-16,1.0163,1.0163,,,1,-0.38,开放申购,开放赎回,,,,
1633,2017-01-13,1.0202,1.0202,,,1,-0.23,开放申购,开放赎回,,,,
1634,2017-01-12,1.0226,1.0226,,,1,-0.59,开放申购,开放赎回,,,,
1635,2017-01-11,1.0287,1.0287,,,1,-1.11,开放申购,开放赎回,,,,
1636,2017-01-10,1.0402,1.0402,,,1,0.00,开放申购,开放赎回,,,,
1637,2017-01-09,1.0402,1.0402,,,1,0.29,开放申购,开放赎回,,,,
1638,2017-01-06,1.0372,1.0372,,,1,-0.54,开放申购,开放赎回,,,,
1639,2017-01-05,1.0428,1.0428,,,1,-0.17,开放申购,开放赎回,,,,
1640,2017-01-04,1.0446,1.0446,,,1,1.23,开放申购,开放赎回,,,,
1641,2017-01-03,1.0319,1.0319,,,1,0.68,开放申购,开放赎回,,,,
1642,2016-12-31,1.0248,1.0248,,,0,-0.01,开放申购,开放赎回,,,,
1643,2016-12-30,1.0249,1.0249,,,1,0.49,开放申购,开放赎回,,,,
1644,2016-12-29,1.0199,1.0199,,,1,0.17,开放申购,开放赎回,,,,
1645,2016-12-28,1.0182,1.0182,,,1,-0.59,开放申购,开放赎回,,,,
1646,2016-12-27,1.0242,1.0242,,,1,-0.20,开放申购,开放赎回,,,,
1647,2016-12-26,1.0263,1.0263,,,1,0.14,开放申购,开放赎回,,,,
1648,2016-12-23,1.0249,1.0249,,,1,-0.83,开放申购,开放赎回,,,,
1649,2016-12-22,1.0335,1.0335,,,1,-0.03,开放申购,开放赎回,,,,
1650,2016-12-21,1.0338,1.0338,,,1,0.92,开放申购,开放赎回,,,,
1651,2016-12-20,1.0244,1.0244,,,1,-0.39,开放申购,开放赎回,,,,
1652,2016-12-19,1.0284,1.0284,,,1,-0.19,开放申购,开放赎回,,,,
1653,2016-12-16,1.0304,1.0304,,,1,0.69,开放申购,开放赎回,,,,
1654,2016-12-15,1.0233,1.0233,,,1,-0.80,开放申购,开放赎回,,,,
1655,2016-12-14,1.0315,1.0315,,,1,-0.42,开放申购,开放赎回,,,,
1656,2016-12-13,1.0359,1.0359,,,1,0.08,开放申购,开放赎回,,,,
1657,2016-12-12,1.0351,1.0351,,,1,-2.22,开放申购,开放赎回,,,,
1658,2016-12-09,1.0586,1.0586,,,1,0.18,开放申购,开放赎回,,,,
1659,2016-12-08,1.0567,1.0567,,,1,-0.30,开放申购,开放赎回,,,,
1660,2016-12-07,1.0599,1.0599,,,1,0.40,开放申购,开放赎回,,,,
1661,2016-12-06,1.0557,1.0557,,,1,-0.31,开放申购,开放赎回,,,,
1662,2016-12-05,1.0590,1.0590,,,1,-0.50,开放申购,开放赎回,,,,
1663,2016-12-02,1.0643,1.0643,,,1,-0.68,开放申购,开放赎回,,,,
1664,2016-12-01,1.0716,1.0716,,,1,0.83,开放申购,开放赎回,,,,
1665,2016-11-30,1.0628,1.0628,,,1,-0.65,开放申购,开放赎回,,,,
1666,2016-11-29,1.0698,1.0698,,,1,0.53,开放申购,开放赎回,,,,
1667,2016-11-28,1.0642,1.0642,,,1,,开放申购,开放赎回,,,,
